function,implementation,input_size,window_size,time
countd,Hyper naive,1,1,0.002215299755334854
countd,Hyper naive,20000,1000,0.4739030785858631
countd,Hyper naive,40000,2000,1.292273955885321
countd,Hyper naive,60000,3000,2.3049803264439106
countd,Hyper naive,80000,4000,2.6916915527544916
countd,Hyper naive,100000,5000,4.786911117844284
countd,Hyper naive,120000,6000,5.123619764111936
countd,Hyper naive,2000000,XXX,not measured. Just here to pad the plot
countd,Hyper incremental,1,1,0.002238228917121887
countd,Hyper incremental,20000,1000,0.006414288654923439
countd,Hyper incremental,40000,2000,0.00918534304946661
countd,Hyper incremental,60000,3000,0.010808981955051422
countd,Hyper incremental,80000,4000,0.012341381050646305
countd,Hyper incremental,100000,5000,0.012424834072589874
countd,Hyper incremental,120000,6000,0.01414143294095993
countd,Hyper incremental,140000,7000,0.014978197403252125
countd,Hyper incremental,160000,8000,0.018224045634269714
countd,Hyper incremental,180000,9000,0.017160847783088684
countd,Hyper incremental,200000,10000,0.018979907035827637
countd,Hyper incremental,220000,11000,0.01904767844825983
countd,Hyper incremental,240000,12000,0.0204607006162405
countd,Hyper incremental,260000,13000,0.020076424814760685
countd,Hyper incremental,280000,14000,0.020963355898857117
countd,Hyper incremental,300000,15000,0.021980774588882923
countd,Hyper incremental,320000,16000,0.02512424997985363
countd,Hyper incremental,340000,17000,0.025867716409265995
countd,Hyper incremental,360000,18000,0.02738378942012787
countd,Hyper incremental,380000,19000,0.028331820853054523
countd,Hyper incremental,400000,20000,0.028803229331970215
countd,Hyper incremental,420000,21000,0.02939317747950554
countd,Hyper incremental,440000,22000,0.03131752647459507
countd,Hyper incremental,460000,23000,0.03210458159446716
countd,Hyper incremental,480000,24000,0.03329532127827406
countd,Hyper incremental,500000,25000,0.03428914397954941
countd,Hyper incremental,520000,26000,0.03445712383836508
countd,Hyper incremental,540000,27000,0.03635902516543865
countd,Hyper incremental,560000,28000,0.038684154860675335
countd,Hyper incremental,580000,29000,0.0427394500002265
countd,Hyper incremental,600000,30000,0.04150966554880142
countd,Hyper incremental,620000,31000,0.0434717433527112
countd,Hyper incremental,640000,32000,0.04516573902219534
countd,Hyper incremental,660000,33000,0.048174464143812656
countd,Hyper incremental,680000,34000,0.050386990420520306
countd,Hyper incremental,700000,35000,0.052381803281605244
countd,Hyper incremental,720000,36000,0.0528866657987237
countd,Hyper incremental,740000,37000,0.057112098671495914
countd,Hyper incremental,760000,38000,0.0584962610155344
countd,Hyper incremental,780000,39000,0.060739800333976746
countd,Hyper incremental,800000,40000,0.060810716822743416
countd,Hyper incremental,820000,41000,0.06421658582985401
countd,Hyper incremental,840000,42000,0.06224161013960838
countd,Hyper incremental,860000,43000,0.0650131618604064
countd,Hyper incremental,880000,44000,0.06545850913971663
countd,Hyper incremental,900000,45000,0.06787881068885326
countd,Hyper incremental,920000,46000,0.07165831420570612
countd,Hyper incremental,940000,47000,0.0662643751129508
countd,Hyper incremental,960000,48000,0.07188829872757196
countd,Hyper incremental,980000,49000,0.07138263899832964
countd,Hyper incremental,1000000,50000,0.0742212813347578
countd,Hyper incremental,1020000,51000,0.07327800523489714
countd,Hyper incremental,1040000,52000,0.07662354875355959
countd,Hyper incremental,1060000,53000,0.07825447712093592
countd,Hyper incremental,1080000,54000,0.08249116782099009
countd,Hyper incremental,1100000,55000,0.08444667141884565
countd,Hyper incremental,1120000,56000,0.08306252397596836
countd,Hyper incremental,1140000,57000,0.08539052028208971
countd,Hyper incremental,1160000,58000,0.08901091665029526
countd,Hyper incremental,1180000,59000,0.08768614567816257
countd,Hyper incremental,1200000,60000,0.1322125568985939
countd,Hyper incremental,1220000,61000,0.1391022363677621
countd,Hyper incremental,1240000,62000,0.13719910755753517
countd,Hyper incremental,1260000,63000,0.13885618094354868
countd,Hyper incremental,1280000,64000,0.13989058509469032
countd,Hyper incremental,1300000,65000,0.14235947001725435
countd,Hyper incremental,1320000,66000,0.14227862283587456
countd,Hyper incremental,1340000,67000,0.1407330445945263
countd,Hyper incremental,1360000,68000,0.14571797847747803
countd,Hyper incremental,1380000,69000,0.15033423341810703
countd,Hyper incremental,1400000,70000,0.16035582218319178
countd,Hyper incremental,1420000,71000,0.1565967369824648
countd,Hyper incremental,1440000,72000,0.1629079021513462
countd,Hyper incremental,1460000,73000,0.16554477345198393
countd,Hyper incremental,1480000,74000,0.1651927689090371
countd,Hyper incremental,1500000,75000,0.1652971003204584
countd,Hyper incremental,1520000,76000,0.16953253652900457
countd,Hyper incremental,1540000,77000,0.1732344450429082
countd,Hyper incremental,1560000,78000,0.17756062652915716
countd,Hyper incremental,1580000,79000,0.17368346732109785
countd,Hyper incremental,1600000,80000,0.1805989621207118
countd,Hyper incremental,1620000,81000,0.18562476709485054
countd,Hyper incremental,1640000,82000,0.18492516502738
countd,Hyper incremental,1660000,83000,0.18989296443760395
countd,Hyper incremental,1680000,84000,0.18753230199217796
countd,Hyper incremental,1700000,85000,0.1857189554721117
countd,Hyper incremental,1720000,86000,0.19316302426159382
countd,Hyper incremental,1740000,87000,0.1961412290111184
countd,Hyper incremental,1760000,88000,0.20016639586538076
countd,Hyper incremental,1780000,89000,0.19609680958092213
countd,Hyper incremental,1800000,90000,0.2025496233254671
countd,Hyper incremental,1820000,91000,0.20819024555385113
countd,Hyper incremental,1840000,92000,0.21522459294646978
countd,Hyper incremental,1860000,93000,0.21183248050510883
countd,Hyper incremental,1880000,94000,0.20610596891492605
countd,Hyper incremental,1900000,95000,0.2149614281952381
countd,Hyper incremental,1920000,96000,0.21532990410923958
countd,Hyper incremental,1940000,97000,0.21916641108691692
countd,Hyper incremental,1960000,98000,0.22402965370565653
countd,Hyper incremental,1980000,99000,0.22447316627949476
countd,Hyper incremental,2000000,100000,0.22354820929467678
countd,Hyper tree,1,1,0.0026219645515084267
countd,Hyper tree,20000,1000,0.01503212284296751
countd,Hyper tree,40000,2000,0.018909900449216366
countd,Hyper tree,60000,3000,0.02209107019007206
countd,Hyper tree,80000,4000,0.025032097473740578
countd,Hyper tree,100000,5000,0.02573572564870119
countd,Hyper tree,120000,6000,0.029473045840859413
countd,Hyper tree,140000,7000,0.030704202130436897
countd,Hyper tree,160000,8000,0.03278367780148983
countd,Hyper tree,180000,9000,0.03334512747824192
countd,Hyper tree,200000,10000,0.035264819860458374
countd,Hyper tree,220000,11000,0.03560850769281387
countd,Hyper tree,240000,12000,0.03646673634648323
countd,Hyper tree,260000,13000,0.03813549689948559
countd,Hyper tree,280000,14000,0.03906052000820637
countd,Hyper tree,300000,15000,0.039211925119161606
countd,Hyper tree,320000,16000,0.041126664727926254
countd,Hyper tree,340000,17000,0.041682892479002476
countd,Hyper tree,360000,18000,0.04270058684051037
countd,Hyper tree,380000,19000,0.0451284684240818
countd,Hyper tree,400000,20000,0.04597611166536808
countd,Hyper tree,420000,21000,0.04585737083107233
countd,Hyper tree,440000,22000,0.04790093842893839
countd,Hyper tree,460000,23000,0.04896224942058325
countd,Hyper tree,480000,24000,0.05050173960626125
countd,Hyper tree,500000,25000,0.05161902494728565
countd,Hyper tree,520000,26000,0.05223989952355623
countd,Hyper tree,540000,27000,0.0528931375592947
countd,Hyper tree,560000,28000,0.05349975544959307
countd,Hyper tree,580000,29000,0.05582521017640829
countd,Hyper tree,600000,30000,0.05715175997465849
countd,Hyper tree,620000,31000,0.05837410409003496
countd,Hyper tree,640000,32000,0.060074709355831146
countd,Hyper tree,660000,33000,0.0614218395203352
countd,Hyper tree,680000,34000,0.06203292217105627
countd,Hyper tree,700000,35000,0.06224373262375593
countd,Hyper tree,720000,36000,0.06315906997770071
countd,Hyper tree,740000,37000,0.06345762312412262
countd,Hyper tree,760000,38000,0.06590298097580671
countd,Hyper tree,780000,39000,0.06644249521195889
countd,Hyper tree,800000,40000,0.06761938892304897
countd,Hyper tree,820000,41000,0.07213572412729263
countd,Hyper tree,840000,42000,0.07163172587752342
countd,Hyper tree,860000,43000,0.0768592031672597
countd,Hyper tree,880000,44000,0.07881610188633204
countd,Hyper tree,900000,45000,0.08065041992813349
countd,Hyper tree,920000,46000,0.08017459139227867
countd,Hyper tree,940000,47000,0.08185833692550659
countd,Hyper tree,960000,48000,0.08361389953643084
countd,Hyper tree,980000,49000,0.08209710475057364
countd,Hyper tree,1000000,50000,0.08553027641028166
countd,Hyper tree,1020000,51000,0.08765015844255686
countd,Hyper tree,1040000,52000,0.08816137071698904
countd,Hyper tree,1060000,53000,0.09314613230526447
countd,Hyper tree,1080000,54000,0.09546021465212107
countd,Hyper tree,1100000,55000,0.09935095068067312
countd,Hyper tree,1120000,56000,0.09774911031126976
countd,Hyper tree,1140000,57000,0.10059036687016487
countd,Hyper tree,1160000,58000,0.10110710002481937
countd,Hyper tree,1180000,59000,0.10113214235752821
countd,Hyper tree,1200000,60000,0.10425852332264185
countd,Hyper tree,1220000,61000,0.10655804071575403
countd,Hyper tree,1240000,62000,0.104288668371737
countd,Hyper tree,1260000,63000,0.10732956230640411
countd,Hyper tree,1280000,64000,0.10438982769846916
countd,Hyper tree,1300000,65000,0.10824169032275677
countd,Hyper tree,1320000,66000,0.11037013400346041
countd,Hyper tree,1340000,67000,0.11011478770524263
countd,Hyper tree,1360000,68000,0.11023069266229868
countd,Hyper tree,1380000,69000,0.11337416246533394
countd,Hyper tree,1400000,70000,0.11278609838336706
countd,Hyper tree,1420000,71000,0.11396828014403582
countd,Hyper tree,1440000,72000,0.11655847076326609
countd,Hyper tree,1460000,73000,0.11734472773969173
countd,Hyper tree,1480000,74000,0.11596534959971905
countd,Hyper tree,1500000,75000,0.11949020624160767
countd,Hyper tree,1520000,76000,0.11985368933528662
countd,Hyper tree,1540000,77000,0.12023938912898302
countd,Hyper tree,1560000,78000,0.12277165986597538
countd,Hyper tree,1580000,79000,0.1261867517605424
countd,Hyper tree,1600000,80000,0.12720275670289993
countd,Hyper tree,1620000,81000,0.12574974540621042
countd,Hyper tree,1640000,82000,0.13239774387329817
countd,Hyper tree,1660000,83000,0.1333974963054061
countd,Hyper tree,1680000,84000,0.13621271308511496
countd,Hyper tree,1700000,85000,0.13576886430382729
countd,Hyper tree,1720000,86000,0.139740826562047
countd,Hyper tree,1740000,87000,0.14058794174343348
countd,Hyper tree,1760000,88000,0.14056512899696827
countd,Hyper tree,1780000,89000,0.14058106392621994
countd,Hyper tree,1800000,90000,0.14124193601310253
countd,Hyper tree,1820000,91000,0.14685511868447065
countd,Hyper tree,1840000,92000,0.14363481756299734
countd,Hyper tree,1860000,93000,0.14629637636244297
countd,Hyper tree,1880000,94000,0.15043384302407503
countd,Hyper tree,1900000,95000,0.1503626275807619
countd,Hyper tree,1920000,96000,0.14926373679190874
countd,Hyper tree,1940000,97000,0.1539041195064783
countd,Hyper tree,1960000,98000,0.15157117135822773
countd,Hyper tree,1980000,99000,0.15669290628284216
countd,Hyper tree,2000000,100000,0.15360772609710693
percentile99,OST,1,1,3.06e-07
percentile99,OST,20000,1000,0.009165635
percentile99,OST,40000,2000,0.01165595
percentile99,OST,60000,3000,0.0105193
percentile99,OST,80000,4000,0.015068699999999999
percentile99,OST,100000,5000,0.01428885
percentile99,OST,120000,6000,0.0180127
percentile99,OST,140000,7000,0.01651365
percentile99,OST,160000,8000,0.02469555
percentile99,OST,180000,9000,0.018940099999999998
percentile99,OST,200000,10000,0.0221441
percentile99,OST,220000,11000,0.02377915
percentile99,OST,240000,12000,0.026398400000000002
percentile99,OST,260000,13000,0.02880085
percentile99,OST,280000,14000,0.0314675
percentile99,OST,300000,15000,0.034537700000000005
percentile99,OST,320000,16000,0.03601195
percentile99,OST,340000,17000,0.028943000000000003
percentile99,OST,360000,18000,0.031948050000000006
percentile99,OST,380000,19000,0.03401585
percentile99,OST,400000,20000,0.035545150000000005
percentile99,OST,420000,21000,0.04103885
percentile99,OST,440000,22000,0.0413984
percentile99,OST,460000,23000,0.045982499999999996
percentile99,OST,480000,24000,0.04687185
percentile99,OST,500000,25000,0.0483767
percentile99,OST,520000,26000,0.052217
percentile99,OST,540000,27000,0.0556966
percentile99,OST,560000,28000,0.055853099999999996
percentile99,OST,580000,29000,0.06151445
percentile99,OST,600000,30000,0.0658733
percentile99,OST,620000,31000,0.06848905
percentile99,OST,640000,32000,0.0728686
percentile99,OST,660000,33000,0.09789275
percentile99,OST,680000,34000,0.103688
percentile99,OST,700000,35000,0.1042795
percentile99,OST,720000,36000,0.11326549999999999
percentile99,OST,740000,37000,0.12291750000000001
percentile99,OST,760000,38000,0.12781399999999998
percentile99,OST,780000,39000,0.1335955
percentile99,OST,800000,40000,0.137486
percentile99,OST,820000,41000,0.13741350000000002
percentile99,OST,840000,42000,0.14684000000000003
percentile99,OST,860000,43000,0.1476175
percentile99,OST,880000,44000,0.1525575
percentile99,OST,900000,45000,0.16116799999999998
percentile99,OST,920000,46000,0.16085950000000002
percentile99,OST,940000,47000,0.16991799999999999
percentile99,OST,960000,48000,0.17319299999999999
percentile99,OST,980000,49000,0.176973
percentile99,OST,1000000,50000,0.185824
percentile99,OST,1020000,51000,0.1917315
percentile99,OST,1040000,52000,0.1964555
percentile99,OST,1060000,53000,0.204675
percentile99,OST,1080000,54000,0.21533950000000002
percentile99,OST,1100000,55000,0.2204205
percentile99,OST,1120000,56000,0.214437
percentile99,OST,1140000,57000,0.229885
percentile99,OST,1160000,58000,0.23037049999999998
percentile99,OST,1180000,59000,0.2378665
percentile99,OST,1200000,60000,0.24639899999999998
percentile99,OST,1220000,61000,0.250274
percentile99,OST,1240000,62000,0.25170349999999997
percentile99,OST,1260000,63000,0.256769
percentile99,OST,1280000,64000,0.27533799999999997
percentile99,OST,1300000,65000,0.38342600000000004
percentile99,OST,1320000,66000,0.3920865
percentile99,OST,1340000,67000,0.39907149999999997
percentile99,OST,1360000,68000,0.4166335
percentile99,OST,1380000,69000,0.4226885
percentile99,OST,1400000,70000,0.4311115
percentile99,OST,1420000,71000,0.4445975
percentile99,OST,1440000,72000,0.447278
percentile99,OST,1460000,73000,0.45108349999999997
percentile99,OST,1480000,74000,0.464712
percentile99,OST,1500000,75000,0.474522
percentile99,OST,1520000,76000,0.499773
percentile99,OST,1540000,77000,0.496741
percentile99,OST,1560000,78000,0.5140765
percentile99,OST,1580000,79000,0.5214015000000001
percentile99,OST,1600000,80000,0.519386
percentile99,OST,1620000,81000,0.534599
percentile99,OST,1640000,82000,0.5413075
percentile99,OST,1660000,83000,0.550292
percentile99,OST,1680000,84000,0.5689185
percentile99,OST,1700000,85000,0.5787705000000001
percentile99,OST,1720000,86000,0.5880795000000001
percentile99,OST,1740000,87000,0.5955565
percentile99,OST,1760000,88000,0.6011825
percentile99,OST,1780000,89000,0.622728
percentile99,OST,1800000,90000,0.6567525
percentile99,OST,1820000,91000,0.6442734999999999
percentile99,OST,1840000,92000,0.6601914999999999
percentile99,OST,1860000,93000,0.6697695
percentile99,OST,1880000,94000,0.6655095
percentile99,OST,1900000,95000,0.6819124999999999
percentile99,OST,1920000,96000,0.689404
percentile99,OST,1940000,97000,0.7091270000000001
percentile99,OST,1960000,98000,0.7230435
percentile99,OST,1980000,99000,0.729068
percentile99,OST,2000000,100000,0.7516510000000001
percentile99,DuckDB separate,1,1,0.00042921118438243866
percentile99,DuckDB separate,20000,1000,0.2172398827970028
percentile99,DuckDB separate,40000,2000,INTERNAL Error: INTERNAL Error: Cannot compute window aggregation: bounds are too large
percentile99,DuckDB window,1,1,0.0004303036257624626
percentile99,DuckDB window,20000,1000,0.015078197233378887
percentile99,DuckDB window,40000,2000,0.05158294551074505
percentile99,DuckDB window,60000,3000,0.11244383826851845
percentile99,DuckDB window,80000,4000,0.19053508155047894
percentile99,DuckDB window,100000,5000,0.28921748884022236
percentile99,DuckDB window,120000,6000,0.4188455678522587
percentile99,DuckDB window,140000,7000,0.5641140844672918
percentile99,DuckDB window,160000,8000,0.7239184062927961
percentile99,DuckDB window,180000,9000,0.915921114385128
percentile99,DuckDB window,200000,10000,1.1382499942556024
percentile99,DuckDB window,220000,11000,1.3646994950249791
percentile99,DuckDB window,240000,12000,1.6269102450460196
percentile99,DuckDB window,260000,13000,1.9096281733363867
percentile99,DuckDB window,280000,14000,2.217398840934038
percentile99,DuckDB window,300000,15000,2.542389099020511
percentile99,DuckDB window,320000,16000,2.8837167993187904
percentile99,DuckDB window,340000,17000,3.2593558691442013
percentile99,DuckDB window,360000,18000,3.6492103803902864
percentile99,DuckDB window,380000,19000,4.075106309726834
percentile99,DuckDB window,400000,20000,4.493533449247479
percentile99,DuckDB window,420000,21000,4.9602293986827135
percentile99,DuckDB window,440000,22000,5.469236173667014
percentile99,DuckDB window,460000,23000,5.973463544156402
percentile99,DuckDB window,480000,24000,6.496001438703388
percentile99,DuckDB window,500000,25000,6.997624188661575
percentile99,DuckDB window,520000,26000,7.58477704692632
percentile99,DuckDB window,540000,27000,8.154245307669044
percentile99,DuckDB window,560000,28000,8.799875808879733
percentile99,DuckDB window,580000,29000,9.462460345122963
percentile99,DuckDB window,600000,30000,10.100530751980841
percentile99,DuckDB window,620000,31000,10.86433120444417
percentile99,DuckDB window,640000,32000,11.438412779010832
percentile99,DuckDB window,660000,33000,12.349114197306335
percentile99,DuckDB window,680000,34000,13.050263682380319
percentile99,DuckDB window,700000,35000,13.881511753425002
percentile99,DuckDB window,720000,36000,14.762876560911536
percentile99,DuckDB window,2000000,XXX,not measured. Just here to pad the plot
percentile99,Hyper naive,1,1,0.0020848019048571587
percentile99,Hyper naive,20000,1000,0.25356216076761484
percentile99,Hyper naive,40000,2000,0.4940892644226551
percentile99,Hyper naive,60000,3000,0.7501568626612425
percentile99,Hyper naive,80000,4000,0.9870724231004715
percentile99,Hyper naive,100000,5000,1.2306618532165885
percentile99,Hyper naive,120000,6000,1.4754237197339535
percentile99,Hyper naive,140000,7000,1.7224820693954825
percentile99,Hyper naive,160000,8000,1.9775857641361654
percentile99,Hyper naive,180000,9000,2.210394429974258
percentile99,Hyper naive,200000,10000,1.3809805447235703
percentile99,Hyper naive,220000,11000,1.4999026292935014
percentile99,Hyper naive,240000,12000,1.6299439454451203
percentile99,Hyper naive,260000,13000,1.7894464987330139
percentile99,Hyper naive,280000,14000,1.9178999895229936
percentile99,Hyper naive,300000,15000,2.1041284408420324
percentile99,Hyper naive,320000,16000,16.54264000337571
percentile99,Hyper naive,2000000,XXX,not measured. Just here to pad the plot
percentile99,Hyper incremental,1,1,0.0022737430408596992
percentile99,Hyper incremental,20000,1000,0.03150494676083326
percentile99,Hyper incremental,40000,2000,0.06926402449607849
percentile99,Hyper incremental,60000,3000,0.11542029213160276
percentile99,Hyper incremental,80000,4000,0.17838633246719837
percentile99,Hyper incremental,100000,5000,0.23824280686676502
percentile99,Hyper incremental,120000,6000,0.3184634279459715
percentile99,Hyper incremental,140000,7000,0.4088716385886073
percentile99,Hyper incremental,160000,8000,0.5109080579131842
percentile99,Hyper incremental,180000,9000,0.6140915546566248
percentile99,Hyper incremental,200000,10000,0.3677575569599867
percentile99,Hyper incremental,220000,11000,0.41548836790025234
percentile99,Hyper incremental,240000,12000,0.49550210405141115
percentile99,Hyper incremental,260000,13000,0.5581894963979721
percentile99,Hyper incremental,280000,14000,0.6326679224148393
percentile99,Hyper incremental,300000,15000,0.7151793409138918
percentile99,Hyper incremental,320000,16000,0.8054951932281256
percentile99,Hyper incremental,340000,17000,0.9218147220090032
percentile99,Hyper incremental,360000,18000,0.9647599244490266
percentile99,Hyper incremental,380000,19000,1.0581870530731976
percentile99,Hyper incremental,400000,20000,1.1604433013126254
percentile99,Hyper incremental,420000,21000,1.1482840236276388
percentile99,Hyper incremental,440000,22000,1.2351944195106626
percentile99,Hyper incremental,460000,23000,1.1483994163572788
percentile99,Hyper incremental,480000,24000,1.1589780915528536
percentile99,Hyper incremental,500000,25000,1.164763250388205
percentile99,Hyper incremental,520000,26000,1.1556917717680335
percentile99,Hyper incremental,540000,27000,1.2654468836262822
percentile99,Hyper incremental,560000,28000,1.361689118668437
percentile99,Hyper incremental,580000,29000,1.5936794206500053
percentile99,Hyper incremental,600000,30000,1.7733077993616462
percentile99,Hyper incremental,620000,31000,1.8440950838848948
percentile99,Hyper incremental,640000,32000,2.022106731310487
percentile99,Hyper incremental,660000,33000,2.166637864895165
percentile99,Hyper incremental,680000,34000,2.398080558516085
percentile99,Hyper incremental,700000,35000,2.5954420063644648
percentile99,Hyper incremental,720000,36000,2.713987961411476
percentile99,Hyper incremental,740000,37000,5.891353101469576
percentile99,Hyper incremental,2000000,XXX,not measured. Just here to pad the plot
percentile99,Hyper tree,1,1,0.002516058273613453
percentile99,Hyper tree,20000,1000,0.04552208539098501
percentile99,Hyper tree,40000,2000,0.03038026485592127
percentile99,Hyper tree,60000,3000,0.035090724006295204
percentile99,Hyper tree,80000,4000,0.03330559283494949
percentile99,Hyper tree,100000,5000,0.03735852520912886
percentile99,Hyper tree,120000,6000,0.04375447332859039
percentile99,Hyper tree,140000,7000,0.03630044311285019
percentile99,Hyper tree,160000,8000,0.05418851412832737
percentile99,Hyper tree,180000,9000,0.049895447678864
percentile99,Hyper tree,200000,10000,0.043958080001175404
percentile99,Hyper tree,220000,11000,0.05575677379965782
percentile99,Hyper tree,240000,12000,0.052393581718206406
percentile99,Hyper tree,260000,13000,0.05577641539275646
percentile99,Hyper tree,280000,14000,0.061307952739298344
percentile99,Hyper tree,300000,15000,0.05525098089128733
percentile99,Hyper tree,320000,16000,0.06080583669245243
percentile99,Hyper tree,340000,17000,0.06388715002685785
percentile99,Hyper tree,360000,18000,0.06784895807504654
percentile99,Hyper tree,380000,19000,0.06515421532094479
percentile99,Hyper tree,400000,20000,0.06356710474938154
percentile99,Hyper tree,420000,21000,0.07036700379103422
percentile99,Hyper tree,440000,22000,0.06793755479156971
percentile99,Hyper tree,460000,23000,0.07550964038819075
percentile99,Hyper tree,480000,24000,0.07359827868640423
percentile99,Hyper tree,500000,25000,0.07162181567400694
percentile99,Hyper tree,520000,26000,0.07991310209035873
percentile99,Hyper tree,540000,27000,0.07729861978441477
percentile99,Hyper tree,560000,28000,0.08025466091930866
percentile99,Hyper tree,580000,29000,0.08308077324181795
percentile99,Hyper tree,600000,30000,0.07788507360965014
percentile99,Hyper tree,620000,31000,0.08494976628571749
percentile99,Hyper tree,640000,32000,0.08411040250211954
percentile99,Hyper tree,660000,33000,0.09105256292968988
percentile99,Hyper tree,680000,34000,0.0855011148378253
percentile99,Hyper tree,700000,35000,0.0867638448253274
percentile99,Hyper tree,720000,36000,0.09439841657876968
percentile99,Hyper tree,740000,37000,0.09056651312857866
percentile99,Hyper tree,760000,38000,0.09841897338628769
percentile99,Hyper tree,780000,39000,0.09833766054362059
percentile99,Hyper tree,800000,40000,0.09361584205180407
percentile99,Hyper tree,820000,41000,0.11324987467378378
percentile99,Hyper tree,840000,42000,0.10644800402224064
percentile99,Hyper tree,860000,43000,0.11536328122019768
percentile99,Hyper tree,880000,44000,0.11744227446615696
percentile99,Hyper tree,900000,45000,0.11342605575919151
percentile99,Hyper tree,920000,46000,0.12400918453931808
percentile99,Hyper tree,940000,47000,0.12171850353479385
percentile99,Hyper tree,960000,48000,0.11924794130027294
percentile99,Hyper tree,980000,49000,0.1271653613075614
percentile99,Hyper tree,1000000,50000,0.12447108794003725
percentile99,Hyper tree,1020000,51000,0.13254263997077942
percentile99,Hyper tree,1040000,52000,0.1337137408554554
percentile99,Hyper tree,1060000,53000,0.1141917584463954
percentile99,Hyper tree,1080000,54000,0.12389679346233606
percentile99,Hyper tree,1100000,55000,0.11832436919212341
percentile99,Hyper tree,1120000,56000,0.13232615496963263
percentile99,Hyper tree,1140000,57000,0.12838231679052114
percentile99,Hyper tree,1160000,58000,0.12578307557851076
percentile99,Hyper tree,1180000,59000,0.13659598026424646
percentile99,Hyper tree,1200000,60000,0.13463298697024584
percentile99,Hyper tree,1220000,61000,0.14636169373989105
percentile99,Hyper tree,1240000,62000,0.14021091721951962
percentile99,Hyper tree,1260000,63000,0.13753715623170137
percentile99,Hyper tree,1280000,64000,0.14479418750852346
percentile99,Hyper tree,1300000,65000,0.14329115580767393
percentile99,Hyper tree,1320000,66000,0.15818845480680466
percentile99,Hyper tree,1340000,67000,0.15031926706433296
percentile99,Hyper tree,1360000,68000,0.1438614884391427
percentile99,Hyper tree,1380000,69000,0.1561069991439581
percentile99,Hyper tree,1400000,70000,0.15426619723439217
percentile99,Hyper tree,1420000,71000,0.16179379262030125
percentile99,Hyper tree,1440000,72000,0.16371180396527052
percentile99,Hyper tree,1460000,73000,0.1573768174275756
percentile99,Hyper tree,1480000,74000,0.17155928630381823
percentile99,Hyper tree,1500000,75000,0.16420871671289206
percentile99,Hyper tree,1520000,76000,0.17147940956056118
percentile99,Hyper tree,1540000,77000,0.1659127864986658
percentile99,Hyper tree,1560000,78000,0.16683086659759283
percentile99,Hyper tree,1580000,79000,0.17803983204066753
percentile99,Hyper tree,1600000,80000,0.17196974344551563
percentile99,Hyper tree,1620000,81000,0.19562397245317698
percentile99,Hyper tree,1640000,82000,0.1864528665319085
percentile99,Hyper tree,1660000,83000,0.17843805998563766
percentile99,Hyper tree,1680000,84000,0.19889465812593699
percentile99,Hyper tree,1700000,85000,0.19560071732848883
percentile99,Hyper tree,1720000,86000,0.20671979803591967
percentile99,Hyper tree,1740000,87000,0.1952017406001687
percentile99,Hyper tree,1760000,88000,0.19122446700930595
percentile99,Hyper tree,1780000,89000,0.20631324127316475
percentile99,Hyper tree,1800000,90000,0.20131499506533146
percentile99,Hyper tree,1820000,91000,0.21764908358454704
percentile99,Hyper tree,1840000,92000,0.21252910420298576
percentile99,Hyper tree,1860000,93000,0.20749636180698872
percentile99,Hyper tree,1880000,94000,0.22232351079583168
percentile99,Hyper tree,1900000,95000,0.21500779408961535
percentile99,Hyper tree,1920000,96000,0.21090862061828375
percentile99,Hyper tree,1940000,97000,0.22408989258110523
percentile99,Hyper tree,1960000,98000,0.21638268046081066
percentile99,Hyper tree,1980000,99000,0.23141790740191936
percentile99,Hyper tree,2000000,100000,0.2209270615130663
percentile50,OST,1,1,3.485e-07
percentile50,OST,20000,1000,0.009112910000000002
percentile50,OST,40000,2000,0.011566899999999998
percentile50,OST,60000,3000,0.0108182
percentile50,OST,80000,4000,0.015405249999999999
percentile50,OST,100000,5000,0.01315425
percentile50,OST,120000,6000,0.01792655
percentile50,OST,140000,7000,0.020293900000000004
percentile50,OST,160000,8000,0.0234085
percentile50,OST,180000,9000,0.018453499999999998
percentile50,OST,200000,10000,0.021995
percentile50,OST,220000,11000,0.02428375
percentile50,OST,240000,12000,0.026644
percentile50,OST,260000,13000,0.0291463
percentile50,OST,280000,14000,0.0320789
percentile50,OST,300000,15000,0.03385175
percentile50,OST,320000,16000,0.0362006
percentile50,OST,340000,17000,0.0293644
percentile50,OST,360000,18000,0.032955200000000004
percentile50,OST,380000,19000,0.0338827
percentile50,OST,400000,20000,0.03688495
percentile50,OST,420000,21000,0.03904415
percentile50,OST,440000,22000,0.040853749999999994
percentile50,OST,460000,23000,0.04471005
percentile50,OST,480000,24000,0.04716415
percentile50,OST,500000,25000,0.04981995
percentile50,OST,520000,26000,0.0513338
percentile50,OST,540000,27000,0.0566379
percentile50,OST,560000,28000,0.06013695
percentile50,OST,580000,29000,0.0625985
percentile50,OST,600000,30000,0.0643799
percentile50,OST,620000,31000,0.06753925
percentile50,OST,640000,32000,0.07430780000000001
percentile50,OST,660000,33000,0.0955968
percentile50,OST,680000,34000,0.10058149999999999
percentile50,OST,700000,35000,0.105189
percentile50,OST,720000,36000,0.112245
percentile50,OST,740000,37000,0.116207
percentile50,OST,760000,38000,0.12052099999999999
percentile50,OST,780000,39000,0.1254385
percentile50,OST,800000,40000,0.13194450000000002
percentile50,OST,820000,41000,0.13235750000000002
percentile50,OST,840000,42000,0.1406615
percentile50,OST,860000,43000,0.14373
percentile50,OST,880000,44000,0.154141
percentile50,OST,900000,45000,0.156417
percentile50,OST,920000,46000,0.162498
percentile50,OST,940000,47000,0.1666315
percentile50,OST,960000,48000,0.17134749999999999
percentile50,OST,980000,49000,0.182467
percentile50,OST,1000000,50000,0.18604350000000003
percentile50,OST,1020000,51000,0.19293849999999999
percentile50,OST,1040000,52000,0.20009549999999998
percentile50,OST,1060000,53000,0.1990805
percentile50,OST,1080000,54000,0.20560699999999998
percentile50,OST,1100000,55000,0.221946
percentile50,OST,1120000,56000,0.2183985
percentile50,OST,1140000,57000,0.2240855
percentile50,OST,1160000,58000,0.23239300000000002
percentile50,OST,1180000,59000,0.2406545
percentile50,OST,1200000,60000,0.2455395
percentile50,OST,1220000,61000,0.247892
percentile50,OST,1240000,62000,0.2616805
percentile50,OST,1260000,63000,0.2798755
percentile50,OST,1280000,64000,0.2652245
percentile50,OST,1300000,65000,0.3962795
percentile50,OST,1320000,66000,0.3968815
percentile50,OST,1340000,67000,0.41340849999999996
percentile50,OST,1360000,68000,0.41884899999999997
percentile50,OST,1380000,69000,0.419223
percentile50,OST,1400000,70000,0.43817649999999997
percentile50,OST,1420000,71000,0.44408000000000003
percentile50,OST,1440000,72000,0.4502955
percentile50,OST,1460000,73000,0.455612
percentile50,OST,1480000,74000,0.47379000000000004
percentile50,OST,1500000,75000,0.4933115
percentile50,OST,1520000,76000,0.4802995
percentile50,OST,1540000,77000,0.5017544999999999
percentile50,OST,1560000,78000,0.5073125
percentile50,OST,1580000,79000,0.5251395000000001
percentile50,OST,1600000,80000,0.5265575
percentile50,OST,1620000,81000,0.5392045000000001
percentile50,OST,1640000,82000,0.5471695
percentile50,OST,1660000,83000,0.5757485
percentile50,OST,1680000,84000,0.565982
percentile50,OST,1700000,85000,0.5666615
percentile50,OST,1720000,86000,0.583368
percentile50,OST,1740000,87000,0.6018105
percentile50,OST,1760000,88000,0.6115895
percentile50,OST,1780000,89000,0.6309165
percentile50,OST,1800000,90000,0.6370275
percentile50,OST,1820000,91000,0.6518415
percentile50,OST,1840000,92000,0.654939
percentile50,OST,1860000,93000,0.6760265000000001
percentile50,OST,1880000,94000,0.6622625
percentile50,OST,1900000,95000,0.680233
percentile50,OST,1920000,96000,0.6964715
percentile50,OST,1940000,97000,0.712701
percentile50,OST,1960000,98000,0.7170165
percentile50,OST,1980000,99000,0.7300735
percentile50,OST,2000000,100000,0.734961
percentile50,DuckDB separate,1,1,0.0004329383373260498
percentile50,DuckDB separate,20000,1000,0.26162774581462145
percentile50,DuckDB separate,40000,2000,INTERNAL Error: INTERNAL Error: Cannot compute window aggregation: bounds are too large
percentile50,DuckDB window,1,1,0.0003983955830335617
percentile50,DuckDB window,20000,1000,0.04145757760852575
percentile50,DuckDB window,40000,2000,0.14998238533735275
percentile50,DuckDB window,60000,3000,0.3296535396948457
percentile50,DuckDB window,80000,4000,0.580205088481307
percentile50,DuckDB window,100000,5000,0.8951742080971599
percentile50,DuckDB window,120000,6000,1.2877865862101316
percentile50,DuckDB window,140000,7000,1.757303181104362
percentile50,DuckDB window,160000,8000,2.3070283494889736
percentile50,DuckDB window,180000,9000,2.893615558743477
percentile50,DuckDB window,200000,10000,3.623973611742258
percentile50,DuckDB window,220000,11000,4.316594894044101
percentile50,DuckDB window,240000,12000,5.288613501004875
percentile50,DuckDB window,2000000,XXX,not measured. Just here to pad the plot
percentile50,Hyper naive,1,1,0.0021716514602303505
percentile50,Hyper naive,20000,1000,0.2986507508903742
percentile50,Hyper naive,40000,2000,0.591991133056581
percentile50,Hyper naive,60000,3000,0.8750500734895468
percentile50,Hyper naive,80000,4000,1.1772634098306298
percentile50,Hyper naive,100000,5000,1.458038848824799
percentile50,Hyper naive,120000,6000,1.7493045232258737
percentile50,Hyper naive,140000,7000,2.063951862975955
percentile50,Hyper naive,160000,8000,2.341720045544207
percentile50,Hyper naive,180000,9000,2.634283320978284
percentile50,Hyper naive,200000,10000,1.5722204986959696
percentile50,Hyper naive,220000,11000,1.7277696123346686
percentile50,Hyper naive,240000,12000,1.8931571138091385
percentile50,Hyper naive,260000,13000,2.0456906370818615
percentile50,Hyper naive,280000,14000,2.2371752113103867
percentile50,Hyper naive,300000,15000,2.51031934004277
percentile50,Hyper naive,320000,16000,2.6984660467132926
percentile50,Hyper naive,340000,17000,2.850833212491125
percentile50,Hyper naive,360000,18000,3.043674281798303
percentile50,Hyper naive,380000,19000,3.210978473071009
percentile50,Hyper naive,400000,20000,18.312204689718783
percentile50,Hyper naive,2000000,XXX,not measured. Just here to pad the plot
percentile50,Hyper incremental,1,1,0.002302187494933605
percentile50,Hyper incremental,20000,1000,0.13598666712641716
percentile50,Hyper incremental,40000,2000,0.22868691943585873
percentile50,Hyper incremental,60000,3000,0.3226009653881192
percentile50,Hyper incremental,80000,4000,0.4300151336938143
percentile50,Hyper incremental,100000,5000,0.5223983060568571
percentile50,Hyper incremental,120000,6000,0.6278401417657733
percentile50,Hyper incremental,140000,7000,0.7386344633996487
percentile50,Hyper incremental,160000,8000,0.8318456476554275
percentile50,Hyper incremental,180000,9000,0.9375847382470965
percentile50,Hyper incremental,200000,10000,0.42261296790093184
percentile50,Hyper incremental,220000,11000,0.4606148907914758
percentile50,Hyper incremental,240000,12000,0.5222426019608974
percentile50,Hyper incremental,260000,13000,0.5580268921330571
percentile50,Hyper incremental,280000,14000,0.624030938372016
percentile50,Hyper incremental,300000,15000,0.6783689027652144
percentile50,Hyper incremental,320000,16000,0.7541092722676694
percentile50,Hyper incremental,340000,17000,0.8023483073338866
percentile50,Hyper incremental,360000,18000,0.8678199141286314
percentile50,Hyper incremental,380000,19000,0.9264443470165133
percentile50,Hyper incremental,400000,20000,1.1851548422127962
percentile50,Hyper incremental,420000,21000,1.1228315467014909
percentile50,Hyper incremental,440000,22000,1.2366562387906015
percentile50,Hyper incremental,460000,23000,1.3805725765414536
percentile50,Hyper incremental,480000,24000,1.336788896471262
percentile50,Hyper incremental,500000,25000,1.4171329475939274
percentile50,Hyper incremental,520000,26000,1.6497969282791018
percentile50,Hyper incremental,540000,27000,1.6125138001516461
percentile50,Hyper incremental,560000,28000,1.9461541287600994
percentile50,Hyper incremental,580000,29000,2.1677388679236174
percentile50,Hyper incremental,600000,30000,2.310620204079896
percentile50,Hyper incremental,620000,31000,2.4411266278475523
percentile50,Hyper incremental,640000,32000,18.47780955489725
percentile50,Hyper incremental,2000000,XXX,not measured. Just here to pad the plot
percentile50,Hyper tree,1,1,0.002489786595106125
percentile50,Hyper tree,20000,1000,0.034624467603862286
percentile50,Hyper tree,40000,2000,0.029610922560095787
percentile50,Hyper tree,60000,3000,0.033306485041975975
percentile50,Hyper tree,80000,4000,0.03269173204898834
percentile50,Hyper tree,100000,5000,0.03633331134915352
percentile50,Hyper tree,120000,6000,0.03764612879604101
percentile50,Hyper tree,140000,7000,0.04146653600037098
percentile50,Hyper tree,160000,8000,0.03946670610457659
percentile50,Hyper tree,180000,9000,0.047212282195687294
percentile50,Hyper tree,200000,10000,0.046774450689554214
percentile50,Hyper tree,220000,11000,0.04932927247136831
percentile50,Hyper tree,240000,12000,0.05284964386373758
percentile50,Hyper tree,260000,13000,0.05387638695538044
percentile50,Hyper tree,280000,14000,0.05243842210620642
percentile50,Hyper tree,300000,15000,0.05574480909854174
percentile50,Hyper tree,320000,16000,0.05988329369574785
percentile50,Hyper tree,340000,17000,0.0560971749946475
percentile50,Hyper tree,360000,18000,0.05892777070403099
percentile50,Hyper tree,380000,19000,0.06324615236371756
percentile50,Hyper tree,400000,20000,0.05953898001462221
percentile50,Hyper tree,420000,21000,0.06330030877143145
percentile50,Hyper tree,440000,22000,0.06720393430441618
percentile50,Hyper tree,460000,23000,0.06833314802497625
percentile50,Hyper tree,480000,24000,0.06542613916099072
percentile50,Hyper tree,500000,25000,0.07079869136214256
percentile50,Hyper tree,520000,26000,0.07367882318794727
percentile50,Hyper tree,540000,27000,0.06904833763837814
percentile50,Hyper tree,560000,28000,0.07220734097063541
percentile50,Hyper tree,580000,29000,0.0760875940322876
percentile50,Hyper tree,600000,30000,0.07335151731967926
percentile50,Hyper tree,620000,31000,0.07522281352430582
percentile50,Hyper tree,640000,32000,0.07988659292459488
percentile50,Hyper tree,660000,33000,0.0789511390030384
percentile50,Hyper tree,680000,34000,0.07907935231924057
percentile50,Hyper tree,700000,35000,0.08390600048005581
percentile50,Hyper tree,720000,36000,0.08437662199139595
percentile50,Hyper tree,740000,37000,0.08205038961023092
percentile50,Hyper tree,760000,38000,0.08805572241544724
percentile50,Hyper tree,780000,39000,0.09144770167768002
percentile50,Hyper tree,800000,40000,0.08999283518642187
percentile50,Hyper tree,820000,41000,0.10229965951293707
percentile50,Hyper tree,840000,42000,0.10745146311819553
percentile50,Hyper tree,860000,43000,0.1010945625603199
percentile50,Hyper tree,880000,44000,0.10439539421349764
percentile50,Hyper tree,900000,45000,0.11222078185528517
percentile50,Hyper tree,920000,46000,0.1070621870458126
percentile50,Hyper tree,940000,47000,0.11247436236590147
percentile50,Hyper tree,960000,48000,0.11700570024549961
percentile50,Hyper tree,980000,49000,0.12226562947034836
percentile50,Hyper tree,1000000,50000,0.11717140953987837
percentile50,Hyper tree,1020000,51000,0.12337665352970362
percentile50,Hyper tree,1040000,52000,0.12759428657591343
percentile50,Hyper tree,1060000,53000,0.1263761157169938
percentile50,Hyper tree,1080000,54000,0.13111008144915104
percentile50,Hyper tree,1100000,55000,0.13743006717413664
percentile50,Hyper tree,1120000,56000,0.12878411915153265
percentile50,Hyper tree,1140000,57000,0.1366699244827032
percentile50,Hyper tree,1160000,58000,0.14142916724085808
percentile50,Hyper tree,1180000,59000,0.142323506064713
percentile50,Hyper tree,1200000,60000,0.13674640655517578
percentile50,Hyper tree,1220000,61000,0.1440083496272564
percentile50,Hyper tree,1240000,62000,0.14987296052277088
percentile50,Hyper tree,1260000,63000,0.1404406651854515
percentile50,Hyper tree,1280000,64000,0.14801974315196276
percentile50,Hyper tree,1300000,65000,0.15378903038799763
percentile50,Hyper tree,1320000,66000,0.14640963170677423
percentile50,Hyper tree,1340000,67000,0.15099990833550692
percentile50,Hyper tree,1360000,68000,0.1571528296917677
percentile50,Hyper tree,1380000,69000,0.1548249665647745
percentile50,Hyper tree,1400000,70000,0.15511799044907093
percentile50,Hyper tree,1420000,71000,0.1641174890100956
percentile50,Hyper tree,1440000,72000,0.16437042970210314
percentile50,Hyper tree,1460000,73000,0.16097036749124527
percentile50,Hyper tree,1480000,74000,0.16871467605233192
percentile50,Hyper tree,1500000,75000,0.1741389473900199
percentile50,Hyper tree,1520000,76000,0.16209524776786566
percentile50,Hyper tree,1540000,77000,0.16860717628151178
percentile50,Hyper tree,1560000,78000,0.17488135769963264
percentile50,Hyper tree,1580000,79000,0.16618027351796627
percentile50,Hyper tree,1600000,80000,0.17253105156123638
percentile50,Hyper tree,1620000,81000,0.19074292853474617
percentile50,Hyper tree,1640000,82000,0.18844980373978615
percentile50,Hyper tree,1660000,83000,0.18787507340312004
percentile50,Hyper tree,1680000,84000,0.19568038638681173
percentile50,Hyper tree,1700000,85000,0.20092160161584616
percentile50,Hyper tree,1720000,86000,0.19219068624079227
percentile50,Hyper tree,1740000,87000,0.19750243611633778
percentile50,Hyper tree,1760000,88000,0.20880896877497435
percentile50,Hyper tree,1780000,89000,0.19369965977966785
percentile50,Hyper tree,1800000,90000,0.2031635930761695
percentile50,Hyper tree,1820000,91000,0.21701102051883936
percentile50,Hyper tree,1840000,92000,0.20504481811076403
percentile50,Hyper tree,1860000,93000,0.21002037078142166
percentile50,Hyper tree,1880000,94000,0.21691101882606745
percentile50,Hyper tree,1900000,95000,0.21668403409421444
percentile50,Hyper tree,1920000,96000,0.20791456941515207
percentile50,Hyper tree,1940000,97000,0.22282989602535963
percentile50,Hyper tree,1960000,98000,0.22397190891206264
percentile50,Hyper tree,1980000,99000,0.21202003583312035
percentile50,Hyper tree,2000000,100000,0.22186660021543503
rank,Hyper naive,1,1,0.0021151574328541756
rank,Hyper naive,20000,1000,0.08322522230446339
rank,Hyper naive,40000,2000,0.1678050309419632
rank,Hyper naive,60000,3000,0.2524536121636629
rank,Hyper naive,80000,4000,0.33452229108661413
rank,Hyper naive,100000,5000,0.41660962626338005
rank,Hyper naive,120000,6000,0.49490620102733374
rank,Hyper naive,140000,7000,0.6006806213408709
rank,Hyper naive,160000,8000,0.6743546463549137
rank,Hyper naive,180000,9000,0.7532114339992404
rank,Hyper naive,200000,10000,0.8489185394719243
rank,Hyper naive,220000,11000,0.9309973223134875
rank,Hyper naive,240000,12000,1.057577209547162
rank,Hyper naive,260000,13000,1.1056460589170456
rank,Hyper naive,280000,14000,1.2178018726408482
rank,Hyper naive,300000,15000,1.308451245073229
rank,Hyper naive,320000,16000,1.4009111914783716
rank,Hyper naive,340000,17000,1.5146731045097113
rank,Hyper naive,360000,18000,1.6239688144996762
rank,Hyper naive,380000,19000,1.804260856937617
rank,Hyper naive,400000,20000,1.951992953196168
rank,Hyper naive,420000,21000,2.3408269360661507
rank,Hyper naive,440000,22000,2.7297073928639293
rank,Hyper naive,460000,23000,2.8918226244859397
rank,Hyper naive,480000,24000,2.994068185798824
rank,Hyper naive,500000,25000,3.1395297995768487
rank,Hyper naive,520000,26000,3.2658858532086015
rank,Hyper naive,540000,27000,3.4973724018782377
rank,Hyper naive,560000,28000,3.5659233210608363
rank,Hyper naive,580000,29000,3.8243974382057786
rank,Hyper naive,600000,30000,4.039500104263425
rank,Hyper naive,620000,31000,4.266947014257312
rank,Hyper naive,640000,32000,4.571069222874939
rank,Hyper naive,660000,33000,4.802728704176843
rank,Hyper naive,680000,34000,5.01161752268672
rank,Hyper naive,700000,35000,5.171392158605158
rank,Hyper naive,720000,36000,5.471776716411114
rank,Hyper naive,740000,37000,5.736943870782852
rank,Hyper naive,760000,38000,5.964201693423092
rank,Hyper naive,780000,39000,6.215783096384257
rank,Hyper naive,800000,40000,6.480920298025012
rank,Hyper naive,820000,41000,7.3853416056372225
rank,Hyper naive,840000,42000,5.45470707770437
rank,Hyper naive,860000,43000,10.154869940131903
rank,Hyper naive,880000,44000,10.500748444348574
rank,Hyper naive,900000,45000,10.774389457888901
rank,Hyper naive,920000,46000,11.041725889779627
rank,Hyper naive,940000,47000,11.279696025885642
rank,Hyper naive,960000,48000,11.586125047877431
rank,Hyper naive,980000,49000,11.811281058937311
rank,Hyper naive,1000000,50000,12.081172599457204
rank,Hyper naive,1020000,51000,12.315502349287271
rank,Hyper naive,1040000,52000,12.593553519807756
rank,Hyper naive,1060000,53000,12.899824150837958
rank,Hyper naive,1080000,54000,13.49424852617085
rank,Hyper naive,1100000,55000,13.50047794636339
rank,Hyper naive,1120000,56000,13.700692621059716
rank,Hyper naive,1140000,57000,14.14122240524739
rank,Hyper naive,1160000,58000,14.359021320939064
rank,Hyper naive,1180000,59000,14.659376876428723
rank,Hyper naive,1200000,60000,15.15549637004733
rank,Hyper naive,1220000,61000,15.596376569010317
rank,Hyper naive,1240000,62000,16.76162146497518
rank,Hyper naive,1260000,63000,17.924977388232946
rank,Hyper naive,1280000,64000,18.322883632034063
rank,Hyper naive,1300000,65000,18.49816037528217
rank,Hyper naive,1320000,66000,18.838934084400535
rank,Hyper naive,1340000,67000,19.259068080224097
rank,Hyper naive,1360000,68000,19.503383580595255
rank,Hyper naive,1380000,69000,20.054362365044653
rank,Hyper naive,1400000,70000,20.335244122892618
rank,Hyper naive,1420000,71000,20.764953318983316
rank,Hyper naive,1440000,72000,21.361207148991525
rank,Hyper naive,1460000,73000,22.023985941894352
rank,Hyper naive,1480000,74000,22.63176210783422
rank,Hyper naive,1500000,75000,22.98908002860844
rank,Hyper naive,1520000,76000,23.538400643505156
rank,Hyper naive,1540000,77000,24.103726320900023
rank,Hyper naive,1560000,78000,24.608787731267512
rank,Hyper naive,1580000,79000,25.047286774031818
rank,Hyper naive,1600000,80000,25.613248298875988
rank,Hyper naive,1620000,81000,25.92383515369147
rank,Hyper naive,1640000,82000,26.47125678230077
rank,Hyper naive,1660000,83000,26.76900566648692
rank,Hyper naive,1680000,84000,27.107577729038894
rank,Hyper naive,1700000,85000,27.41723374836147
rank,Hyper naive,1720000,86000,28.671537940390408
rank,Hyper naive,1740000,87000,28.145997550338507
rank,Hyper naive,1760000,88000,28.569219352677464
rank,Hyper naive,1780000,89000,28.864298513159156
rank,Hyper naive,1800000,90000,29.34312133770436
rank,Hyper naive,1820000,91000,29.912591899745166
rank,Hyper naive,1840000,92000,30.594080325216055
rank,Hyper naive,1860000,93000,30.99721317179501
rank,Hyper naive,1880000,94000,31.416028772480786
rank,Hyper naive,1900000,95000,31.752779096364975
rank,Hyper naive,1920000,96000,32.64100997429341
rank,Hyper naive,1940000,97000,32.95917641464621
rank,Hyper naive,1960000,98000,33.329596552066505
rank,Hyper naive,1980000,99000,33.67133026942611
rank,Hyper naive,2000000,100000,34.07920673210174
rank,Hyper naive,2000000,XXX,not measured. Just here to pad the plot
rank,Hyper tree,1,1,0.0028314609080553055
rank,Hyper tree,20000,1000,0.02006221655756235
rank,Hyper tree,40000,2000,0.025737717747688293
rank,Hyper tree,60000,3000,0.028913648799061775
rank,Hyper tree,80000,4000,0.03264900762587786
rank,Hyper tree,100000,5000,0.03867309167981148
rank,Hyper tree,120000,6000,0.04163038171827793
rank,Hyper tree,140000,7000,0.04348435625433922
rank,Hyper tree,160000,8000,0.045927390456199646
rank,Hyper tree,180000,9000,0.04845685977488756
rank,Hyper tree,200000,10000,0.048800661228597164
rank,Hyper tree,220000,11000,0.05170969478785992
rank,Hyper tree,240000,12000,0.05283031985163689
rank,Hyper tree,260000,13000,0.05418182536959648
rank,Hyper tree,280000,14000,0.0567209180444479
rank,Hyper tree,300000,15000,0.05813236441463232
rank,Hyper tree,320000,16000,0.06105352658778429
rank,Hyper tree,340000,17000,0.06233147159218788
rank,Hyper tree,360000,18000,0.06303854566067457
rank,Hyper tree,380000,19000,0.06615915428847075
rank,Hyper tree,400000,20000,0.06883477605879307
rank,Hyper tree,420000,21000,0.07117470540106297
rank,Hyper tree,440000,22000,0.07274147681891918
rank,Hyper tree,460000,23000,0.07499217800796032
rank,Hyper tree,480000,24000,0.0769018018618226
rank,Hyper tree,500000,25000,0.07768554333597422
rank,Hyper tree,520000,26000,0.08076132275164127
rank,Hyper tree,540000,27000,0.08256007917225361
rank,Hyper tree,560000,28000,0.08390994090586901
rank,Hyper tree,580000,29000,0.08552899491041899
rank,Hyper tree,600000,30000,0.08661272749304771
rank,Hyper tree,620000,31000,0.08914728183299303
rank,Hyper tree,640000,32000,0.0920063043013215
rank,Hyper tree,660000,33000,0.09520414751023054
rank,Hyper tree,680000,34000,0.09719186834990978
rank,Hyper tree,700000,35000,0.09728224016726017
rank,Hyper tree,720000,36000,0.0992172947153449
rank,Hyper tree,740000,37000,0.1024196706712246
rank,Hyper tree,760000,38000,0.10409845691174269
rank,Hyper tree,780000,39000,0.10562656261026859
rank,Hyper tree,800000,40000,0.10662336461246014
rank,Hyper tree,820000,41000,0.11655504256486893
rank,Hyper tree,840000,42000,0.11929972004145384
rank,Hyper tree,860000,43000,0.12985369842499495
rank,Hyper tree,880000,44000,0.1326585290953517
rank,Hyper tree,900000,45000,0.13665854651480913
rank,Hyper tree,920000,46000,0.13886822201311588
rank,Hyper tree,940000,47000,0.14215607848018408
rank,Hyper tree,960000,48000,0.14718522690236568
rank,Hyper tree,980000,49000,0.148135244846344
rank,Hyper tree,1000000,50000,0.1481165811419487
rank,Hyper tree,1020000,51000,0.15268224757164717
rank,Hyper tree,1040000,52000,0.15454566199332476
rank,Hyper tree,1060000,53000,0.16249360144138336
rank,Hyper tree,1080000,54000,0.1668816488236189
rank,Hyper tree,1100000,55000,0.1697728270664811
rank,Hyper tree,1120000,56000,0.17128661461174488
rank,Hyper tree,1140000,57000,0.17415424436330795
rank,Hyper tree,1160000,58000,0.17641191184520721
rank,Hyper tree,1180000,59000,0.17644556146115065
rank,Hyper tree,1200000,60000,0.17897256091237068
rank,Hyper tree,1220000,61000,0.17937132343649864
rank,Hyper tree,1240000,62000,0.18284969683736563
rank,Hyper tree,1260000,63000,0.18645344860851765
rank,Hyper tree,1280000,64000,0.18191091623157263
rank,Hyper tree,1300000,65000,0.18771786615252495
rank,Hyper tree,1320000,66000,0.1891624042764306
rank,Hyper tree,1340000,67000,0.1906695431098342
rank,Hyper tree,1360000,68000,0.19466174766421318
rank,Hyper tree,1380000,69000,0.19810449704527855
rank,Hyper tree,1400000,70000,0.19862820021808147
rank,Hyper tree,1420000,71000,0.2014307864010334
rank,Hyper tree,1440000,72000,0.20142226945608854
rank,Hyper tree,1460000,73000,0.20291469618678093
rank,Hyper tree,1480000,74000,0.20214772131294012
rank,Hyper tree,1500000,75000,0.2084177015349269
rank,Hyper tree,1520000,76000,0.208589943125844
rank,Hyper tree,1540000,77000,0.20982951018959284
rank,Hyper tree,1560000,78000,0.2121166568249464
rank,Hyper tree,1580000,79000,0.21254502702504396
rank,Hyper tree,1600000,80000,0.21496269199997187
rank,Hyper tree,1620000,81000,0.22066732682287693
rank,Hyper tree,1640000,82000,0.21680090203881264
rank,Hyper tree,1660000,83000,0.21824923623353243
rank,Hyper tree,1680000,84000,0.22803717851638794
rank,Hyper tree,1700000,85000,0.23171545285731554
rank,Hyper tree,1720000,86000,0.23306059185415506
rank,Hyper tree,1740000,87000,0.2392656560987234
rank,Hyper tree,1760000,88000,0.24166131485253572
rank,Hyper tree,1780000,89000,0.24071367271244526
rank,Hyper tree,1800000,90000,0.2452176958322525
rank,Hyper tree,1820000,91000,0.24853504821658134
rank,Hyper tree,1840000,92000,0.24687354546040297
rank,Hyper tree,1860000,93000,0.2506374027580023
rank,Hyper tree,1880000,94000,0.2522225696593523
rank,Hyper tree,1900000,95000,0.25667919404804707
rank,Hyper tree,1920000,96000,0.2589398631826043
rank,Hyper tree,1940000,97000,0.2615738371387124
rank,Hyper tree,1960000,98000,0.2633074326440692
rank,Hyper tree,1980000,99000,0.25940153282135725
rank,Hyper tree,2000000,100000,0.26446353551000357
first_value,Hyper naive,1,1,0.0022017862647771835
first_value,Hyper naive,20000,1000,0.24736315663903952
first_value,Hyper naive,40000,2000,0.4918096410110593
first_value,Hyper naive,60000,3000,0.7403819784522057
first_value,Hyper naive,80000,4000,0.9757181033492088
first_value,Hyper naive,100000,5000,1.2346810307353735
first_value,Hyper naive,120000,6000,1.4638202637434006
first_value,Hyper naive,140000,7000,1.6822308115661144
first_value,Hyper naive,160000,8000,1.9474217742681503
first_value,Hyper naive,180000,9000,2.1788044776767492
first_value,Hyper naive,200000,10000,1.343569598160684
first_value,Hyper naive,220000,11000,1.4724493650719523
first_value,Hyper naive,240000,12000,1.6029330613091588
first_value,Hyper naive,260000,13000,1.7552118794992566
first_value,Hyper naive,280000,14000,1.891052051447332
first_value,Hyper naive,300000,15000,2.044690065085888
first_value,Hyper naive,320000,16000,2.247850994579494
first_value,Hyper naive,340000,17000,2.5001927856355906
first_value,Hyper naive,360000,18000,2.604015687480569
first_value,Hyper naive,380000,19000,2.8740593972615898
first_value,Hyper naive,400000,20000,3.035407852381468
first_value,Hyper naive,420000,21000,30.77939661219716
first_value,Hyper naive,2000000,XXX,not measured. Just here to pad the plot
first_value,Hyper tree,1,1,0.00253413338214159
first_value,Hyper tree,20000,1000,0.012440783903002739
first_value,Hyper tree,40000,2000,0.017883832566440105
first_value,Hyper tree,60000,3000,0.021175101399421692
first_value,Hyper tree,80000,4000,0.023085111752152443
first_value,Hyper tree,100000,5000,0.023636518977582455
first_value,Hyper tree,120000,6000,0.026102345436811447
first_value,Hyper tree,140000,7000,0.02718038111925125
first_value,Hyper tree,160000,8000,0.029872645623981953
first_value,Hyper tree,180000,9000,0.030313342809677124
first_value,Hyper tree,200000,10000,0.031803528778254986
first_value,Hyper tree,220000,11000,0.03231227304786444
first_value,Hyper tree,240000,12000,0.03314632084220648
first_value,Hyper tree,260000,13000,0.03494909219443798
first_value,Hyper tree,280000,14000,0.036377785727381706
first_value,Hyper tree,300000,15000,0.03625671286135912
first_value,Hyper tree,320000,16000,0.03786970768123865
first_value,Hyper tree,340000,17000,0.039488703943789005
first_value,Hyper tree,360000,18000,0.041755642741918564
first_value,Hyper tree,380000,19000,0.042140777222812176
first_value,Hyper tree,400000,20000,0.04255183320492506
first_value,Hyper tree,420000,21000,0.04462880361825228
first_value,Hyper tree,440000,22000,0.04516569897532463
first_value,Hyper tree,460000,23000,0.045400653034448624
first_value,Hyper tree,480000,24000,0.04809826333075762
first_value,Hyper tree,500000,25000,0.047887503169476986
first_value,Hyper tree,520000,26000,0.05062765255570412
first_value,Hyper tree,540000,27000,0.051327421329915524
first_value,Hyper tree,560000,28000,0.05118094850331545
first_value,Hyper tree,580000,29000,0.054845180362463
first_value,Hyper tree,600000,30000,0.05480775982141495
first_value,Hyper tree,620000,31000,0.0574725354090333
first_value,Hyper tree,640000,32000,0.05851136799901724
first_value,Hyper tree,660000,33000,0.060286386869847775
first_value,Hyper tree,680000,34000,0.06254476960748434
first_value,Hyper tree,700000,35000,0.06194646656513214
first_value,Hyper tree,720000,36000,0.06265647988766432
first_value,Hyper tree,740000,37000,0.06282259523868561
first_value,Hyper tree,760000,38000,0.06569431722164154
first_value,Hyper tree,780000,39000,0.06573663093149662
first_value,Hyper tree,800000,40000,0.06801334489136934
first_value,Hyper tree,820000,41000,0.0706238355487585
first_value,Hyper tree,840000,42000,0.07207074575126171
first_value,Hyper tree,860000,43000,0.07248488068580627
first_value,Hyper tree,880000,44000,0.0753658702597022
first_value,Hyper tree,900000,45000,0.07437223102897406
first_value,Hyper tree,920000,46000,0.07845522556453943
first_value,Hyper tree,940000,47000,0.07733643986284733
first_value,Hyper tree,960000,48000,0.07843843009322882
first_value,Hyper tree,980000,49000,0.08136576972901821
first_value,Hyper tree,1000000,50000,0.0840775715187192
first_value,Hyper tree,1020000,51000,0.08512224815785885
first_value,Hyper tree,1040000,52000,0.08370594307780266
first_value,Hyper tree,1060000,53000,0.09267867356538773
first_value,Hyper tree,1080000,54000,0.09241226129233837
first_value,Hyper tree,1100000,55000,0.09084180649369955
first_value,Hyper tree,1120000,56000,0.09869991522282362
first_value,Hyper tree,1140000,57000,0.09429429285228252
first_value,Hyper tree,1160000,58000,0.09945324528962374
first_value,Hyper tree,1180000,59000,0.09683713410049677
first_value,Hyper tree,1200000,60000,0.09842489752918482
first_value,Hyper tree,1220000,61000,0.10061303153634071
first_value,Hyper tree,1240000,62000,0.09938776586204767
first_value,Hyper tree,1260000,63000,0.10350898373872042
first_value,Hyper tree,1280000,64000,0.10465599969029427
first_value,Hyper tree,1300000,65000,0.10518870502710342
first_value,Hyper tree,1320000,66000,0.10654099937528372
first_value,Hyper tree,1340000,67000,0.10869441460818052
first_value,Hyper tree,1360000,68000,0.10738932806998491
first_value,Hyper tree,1380000,69000,0.11090772226452827
first_value,Hyper tree,1400000,70000,0.11274150386452675
first_value,Hyper tree,1420000,71000,0.11461126059293747
first_value,Hyper tree,1440000,72000,0.11695712152868509
first_value,Hyper tree,1460000,73000,0.11746272072196007
first_value,Hyper tree,1480000,74000,0.11672838404774666
first_value,Hyper tree,1500000,75000,0.11926009319722652
first_value,Hyper tree,1520000,76000,0.11736069619655609
first_value,Hyper tree,1540000,77000,0.11869852058589458
first_value,Hyper tree,1560000,78000,0.12373034283518791
first_value,Hyper tree,1580000,79000,0.12110979296267033
first_value,Hyper tree,1600000,80000,0.1248719822615385
first_value,Hyper tree,1620000,81000,0.13108579628169537
first_value,Hyper tree,1640000,82000,0.12843259517103434
first_value,Hyper tree,1660000,83000,0.13186815194785595
first_value,Hyper tree,1680000,84000,0.13315766118466854
first_value,Hyper tree,1700000,85000,0.13480505999177694
first_value,Hyper tree,1720000,86000,0.13722528610378504
first_value,Hyper tree,1740000,87000,0.13535556755959988
first_value,Hyper tree,1760000,88000,0.13845829106867313
first_value,Hyper tree,1780000,89000,0.13736348319798708
first_value,Hyper tree,1800000,90000,0.1426205663010478
first_value,Hyper tree,1820000,91000,0.14030859991908073
first_value,Hyper tree,1840000,92000,0.1436154367402196
first_value,Hyper tree,1860000,93000,0.14290748722851276
first_value,Hyper tree,1880000,94000,0.143041773699224
first_value,Hyper tree,1900000,95000,0.14548246562480927
first_value,Hyper tree,1920000,96000,0.1456302935257554
first_value,Hyper tree,1940000,97000,0.14943244960159063
first_value,Hyper tree,1960000,98000,0.15050637908279896
first_value,Hyper tree,1980000,99000,0.15318037755787373
first_value,Hyper tree,2000000,100000,0.15651606488972902
lead,Hyper naive,1,1,0.0021737385541200638
lead,Hyper naive,20000,1000,0.36560521367937326
lead,Hyper naive,40000,2000,0.7199030686169863
lead,Hyper naive,60000,3000,1.0828625224530697
lead,Hyper naive,80000,4000,1.447993928566575
lead,Hyper naive,100000,5000,1.7927787797525525
lead,Hyper naive,120000,6000,2.152875511907041
lead,Hyper naive,140000,7000,2.513750471174717
lead,Hyper naive,160000,8000,2.85460172733292
lead,Hyper naive,180000,9000,3.243596065789461
lead,Hyper naive,200000,10000,2.388279350474477
lead,Hyper naive,220000,11000,2.640614628326148
lead,Hyper naive,240000,12000,2.8888127831742167
lead,Hyper naive,260000,13000,3.19948766566813
lead,Hyper naive,280000,14000,3.381630312651396
lead,Hyper naive,300000,15000,3.6672815158963203
lead,Hyper naive,320000,16000,3.9964698124676943
lead,Hyper naive,340000,17000,4.327582358382642
lead,Hyper naive,360000,18000,4.626387358643115
lead,Hyper naive,380000,19000,4.937245145440102
lead,Hyper naive,400000,20000,5.406095566693693
lead,Hyper naive,420000,21000,6.464306921698153
lead,Hyper naive,440000,22000,7.2562335268594325
lead,Hyper naive,460000,23000,8.046957954298705
lead,Hyper naive,480000,24000,26.447621654719114
lead,Hyper naive,2000000,XXX,not measured. Just here to pad the plot
lead,Hyper tree,1,1,0.0030115004628896713
lead,Hyper tree,20000,1000,0.052218200638890266
lead,Hyper tree,40000,2000,0.05045382026582956
lead,Hyper tree,60000,3000,0.05602080374956131
lead,Hyper tree,80000,4000,0.06204460747539997
lead,Hyper tree,100000,5000,0.064396514557302
lead,Hyper tree,120000,6000,0.07956810761243105
lead,Hyper tree,140000,7000,0.07157242950052023
lead,Hyper tree,160000,8000,0.08764691930264235
lead,Hyper tree,180000,9000,0.09093194920569658
lead,Hyper tree,200000,10000,0.09394882991909981
lead,Hyper tree,220000,11000,0.09373034164309502
lead,Hyper tree,240000,12000,0.10111272148787975
lead,Hyper tree,260000,13000,0.1043737018480897
lead,Hyper tree,280000,14000,0.1084810383617878
lead,Hyper tree,300000,15000,0.11264326050877571
lead,Hyper tree,320000,16000,0.11634224839508533
lead,Hyper tree,340000,17000,0.1210526805371046
lead,Hyper tree,360000,18000,0.12258948385715485
lead,Hyper tree,380000,19000,0.12754725012928247
lead,Hyper tree,400000,20000,0.129939210601151
lead,Hyper tree,420000,21000,0.13514878693968058
lead,Hyper tree,440000,22000,0.13551580626517534
lead,Hyper tree,460000,23000,0.14089065976440907
lead,Hyper tree,480000,24000,0.14215030893683434
lead,Hyper tree,500000,25000,0.14660040941089392
lead,Hyper tree,520000,26000,0.1514752795919776
lead,Hyper tree,540000,27000,0.1537569174543023
lead,Hyper tree,560000,28000,0.1599410232156515
lead,Hyper tree,580000,29000,0.1608661785721779
lead,Hyper tree,600000,30000,0.16552618704736233
lead,Hyper tree,620000,31000,0.16610718425363302
lead,Hyper tree,640000,32000,0.1705338703468442
lead,Hyper tree,660000,33000,0.17749998066574335
lead,Hyper tree,680000,34000,0.17822930216789246
lead,Hyper tree,700000,35000,0.18125541787594557
lead,Hyper tree,720000,36000,0.18112381547689438
lead,Hyper tree,740000,37000,0.1885379934683442
lead,Hyper tree,760000,38000,0.18981810938566923
lead,Hyper tree,780000,39000,0.19229169469326735
lead,Hyper tree,800000,40000,0.19779836479574442
lead,Hyper tree,820000,41000,0.2355190757662058
lead,Hyper tree,840000,42000,0.2441049050539732
lead,Hyper tree,860000,43000,0.2577081136405468
lead,Hyper tree,880000,44000,0.2614997634664178
lead,Hyper tree,900000,45000,0.2673750063404441
lead,Hyper tree,920000,46000,0.27214270643889904
lead,Hyper tree,940000,47000,0.27238420210778713
lead,Hyper tree,960000,48000,0.2808075528591871
lead,Hyper tree,980000,49000,0.28974961303174496
lead,Hyper tree,1000000,50000,0.28562196530401707
lead,Hyper tree,1020000,51000,0.2948495279997587
lead,Hyper tree,1040000,52000,0.3022349812090397
lead,Hyper tree,1060000,53000,0.32331423833966255
lead,Hyper tree,1080000,54000,0.3221215968951583
lead,Hyper tree,1100000,55000,0.32332348730415106
lead,Hyper tree,1120000,56000,0.3321381164714694
lead,Hyper tree,1140000,57000,0.33657331950962543
lead,Hyper tree,1160000,58000,0.33737765718251467
lead,Hyper tree,1180000,59000,0.34843727480620146
lead,Hyper tree,1200000,60000,0.3575129387900233
lead,Hyper tree,1220000,61000,0.3597793262451887
lead,Hyper tree,1240000,62000,0.35580778028815985
lead,Hyper tree,1260000,63000,0.35514379758387804
lead,Hyper tree,1280000,64000,0.36528652533888817
lead,Hyper tree,1300000,65000,0.36878335289657116
lead,Hyper tree,1320000,66000,0.3742749262601137
lead,Hyper tree,1340000,67000,0.37746352795511484
lead,Hyper tree,1360000,68000,0.3861603867262602
lead,Hyper tree,1380000,69000,0.3889341661706567
lead,Hyper tree,1400000,70000,0.38581341318786144
lead,Hyper tree,1420000,71000,0.3935812786221504
lead,Hyper tree,1440000,72000,0.3962068045511842
lead,Hyper tree,1460000,73000,0.39809688460081816
lead,Hyper tree,1480000,74000,0.40300449077039957
lead,Hyper tree,1500000,75000,0.4084587059915066
lead,Hyper tree,1520000,76000,0.4090811386704445
lead,Hyper tree,1540000,77000,0.421274621039629
lead,Hyper tree,1560000,78000,0.41519292537122965
lead,Hyper tree,1580000,79000,0.4221305176615715
lead,Hyper tree,1600000,80000,0.43002037797123194
lead,Hyper tree,1620000,81000,0.45467461831867695
lead,Hyper tree,1640000,82000,0.49434306286275387
lead,Hyper tree,1660000,83000,0.47243463806807995
lead,Hyper tree,1680000,84000,0.5149800106883049
lead,Hyper tree,1700000,85000,0.4924217974767089
lead,Hyper tree,1720000,86000,0.4862923063337803
lead,Hyper tree,1740000,87000,0.49509534519165754
lead,Hyper tree,1760000,88000,0.5264057256281376
lead,Hyper tree,1780000,89000,0.504384427331388
lead,Hyper tree,1800000,90000,0.5220060488209128
lead,Hyper tree,1820000,91000,0.5339912474155426
lead,Hyper tree,1840000,92000,0.5500608459115028
lead,Hyper tree,1860000,93000,0.5747159477323294
lead,Hyper tree,1880000,94000,0.5918262777850032
lead,Hyper tree,1900000,95000,0.595594990067184
lead,Hyper tree,1920000,96000,0.5887593636289239
lead,Hyper tree,1940000,97000,0.5535114062950015
lead,Hyper tree,1960000,98000,0.5622977670282125
lead,Hyper tree,1980000,99000,0.6131196366623044
lead,Hyper tree,2000000,100000,0.6264395052567124
