algorithm	fanout	cascading	input_size	run	time
rank_unbounded	2	1	1000000	0	1.97675
rank_unbounded	2	1	1000000	1	1.9873
rank_unbounded	2	1	1000000	2	1.98882
rank_unbounded	2	2	1000000	0	1.93973
rank_unbounded	2	2	1000000	1	1.93584
rank_unbounded	2	2	1000000	2	1.93868
rank_unbounded	2	4	1000000	0	1.83309
rank_unbounded	2	4	1000000	1	1.83521
rank_unbounded	2	4	1000000	2	1.83221
rank_unbounded	2	8	1000000	0	1.85372
rank_unbounded	2	8	1000000	1	1.8522
rank_unbounded	2	8	1000000	2	1.85458
rank_unbounded	2	16	1000000	0	1.93951
rank_unbounded	2	16	1000000	1	1.93922
rank_unbounded	2	16	1000000	2	1.94144
rank_unbounded	2	32	1000000	0	1.98208
rank_unbounded	2	32	1000000	1	1.98281
rank_unbounded	2	32	1000000	2	1.98334
rank_unbounded	2	64	1000000	0	2.05112
rank_unbounded	2	64	1000000	1	2.04817
rank_unbounded	2	64	1000000	2	2.06397
rank_unbounded	2	128	1000000	0	2.19349
rank_unbounded	2	128	1000000	1	2.20179
rank_unbounded	2	128	1000000	2	2.18892
rank_unbounded	2	256	1000000	0	2.28187
rank_unbounded	2	256	1000000	1	2.27989
rank_unbounded	2	256	1000000	2	2.27946
rank_unbounded	2	512	1000000	0	2.40515
rank_unbounded	2	512	1000000	1	2.40317
rank_unbounded	2	512	1000000	2	2.41925
rank_unbounded	2	1024	1000000	0	2.47142
rank_unbounded	2	1024	1000000	1	2.47105
rank_unbounded	2	1024	1000000	2	2.4679
rank_unbounded	4	1	1000000	0	1.46612
rank_unbounded	4	1	1000000	1	1.46614
rank_unbounded	4	1	1000000	2	1.46469
rank_unbounded	4	1	1000000	3	1.46782
rank_unbounded	4	2	1000000	0	1.39384
rank_unbounded	4	2	1000000	1	1.3939
rank_unbounded	4	2	1000000	2	1.40125
rank_unbounded	4	2	1000000	3	1.39135
rank_unbounded	4	4	1000000	0	1.34304
rank_unbounded	4	4	1000000	1	1.33678
rank_unbounded	4	4	1000000	2	1.33769
rank_unbounded	4	4	1000000	3	1.33589
rank_unbounded	4	8	1000000	0	1.32635
rank_unbounded	4	8	1000000	1	1.32497
rank_unbounded	4	8	1000000	2	1.32386
rank_unbounded	4	8	1000000	3	1.32564
rank_unbounded	4	16	1000000	0	1.34124
rank_unbounded	4	16	1000000	1	1.34169
rank_unbounded	4	16	1000000	2	1.3433
rank_unbounded	4	16	1000000	3	1.34225
rank_unbounded	4	32	1000000	0	1.39197
rank_unbounded	4	32	1000000	1	1.39043
rank_unbounded	4	32	1000000	2	1.39343
rank_unbounded	4	32	1000000	3	1.39178
rank_unbounded	4	64	1000000	0	1.44815
rank_unbounded	4	64	1000000	1	1.44632
rank_unbounded	4	64	1000000	2	1.44725
rank_unbounded	4	64	1000000	3	1.44476
rank_unbounded	4	128	1000000	0	1.54898
rank_unbounded	4	128	1000000	1	1.54864
rank_unbounded	4	128	1000000	2	1.54797
rank_unbounded	4	128	1000000	3	1.54693
rank_unbounded	4	256	1000000	0	1.65746
rank_unbounded	4	256	1000000	1	1.65631
rank_unbounded	4	256	1000000	2	1.65659
rank_unbounded	4	256	1000000	3	1.66305
rank_unbounded	4	512	1000000	0	1.82847
rank_unbounded	4	512	1000000	1	1.82809
rank_unbounded	4	512	1000000	2	1.83075
rank_unbounded	4	1024	1000000	0	1.88774
rank_unbounded	4	1024	1000000	1	1.88403
rank_unbounded	4	1024	1000000	2	1.88606
rank_unbounded	8	1	1000000	0	1.48364
rank_unbounded	8	1	1000000	1	1.48569
rank_unbounded	8	1	1000000	2	1.48266
rank_unbounded	8	1	1000000	3	1.48273
rank_unbounded	8	2	1000000	0	1.34323
rank_unbounded	8	2	1000000	1	1.34534
rank_unbounded	8	2	1000000	2	1.34159
rank_unbounded	8	2	1000000	3	1.34222
rank_unbounded	8	4	1000000	0	1.30181
rank_unbounded	8	4	1000000	1	1.30208
rank_unbounded	8	4	1000000	2	1.30479
rank_unbounded	8	4	1000000	3	1.29968
rank_unbounded	8	8	1000000	0	1.25347
rank_unbounded	8	8	1000000	1	1.25262
rank_unbounded	8	8	1000000	2	1.25342
rank_unbounded	8	8	1000000	3	1.25386
rank_unbounded	8	16	1000000	0	1.25325
rank_unbounded	8	16	1000000	1	1.2542
rank_unbounded	8	16	1000000	2	1.25242
rank_unbounded	8	16	1000000	3	1.25458
rank_unbounded	8	32	1000000	0	1.31473
rank_unbounded	8	32	1000000	1	1.31937
rank_unbounded	8	32	1000000	2	1.31514
rank_unbounded	8	32	1000000	3	1.31446
rank_unbounded	8	64	1000000	0	1.32875
rank_unbounded	8	64	1000000	1	1.33061
rank_unbounded	8	64	1000000	2	1.3274
rank_unbounded	8	64	1000000	3	1.32764
rank_unbounded	8	128	1000000	0	1.42217
rank_unbounded	8	128	1000000	1	1.42209
rank_unbounded	8	128	1000000	2	1.42262
rank_unbounded	8	128	1000000	3	1.42276
rank_unbounded	8	256	1000000	0	1.53143
rank_unbounded	8	256	1000000	1	1.53547
rank_unbounded	8	256	1000000	2	1.53062
rank_unbounded	8	256	1000000	3	1.56995
rank_unbounded	8	512	1000000	0	1.68561
rank_unbounded	8	512	1000000	1	1.68478
rank_unbounded	8	512	1000000	2	1.68566
rank_unbounded	8	1024	1000000	0	1.82798
rank_unbounded	8	1024	1000000	1	1.82612
rank_unbounded	8	1024	1000000	2	1.82707
rank_unbounded	16	1	1000000	0	1.51555
rank_unbounded	16	1	1000000	1	1.47632
rank_unbounded	16	1	1000000	2	1.47863
rank_unbounded	16	1	1000000	3	1.47427
rank_unbounded	16	2	1000000	0	1.28193
rank_unbounded	16	2	1000000	1	1.28384
rank_unbounded	16	2	1000000	2	1.28407
rank_unbounded	16	2	1000000	3	1.28603
rank_unbounded	16	4	1000000	0	1.2136
rank_unbounded	16	4	1000000	1	1.24231
rank_unbounded	16	4	1000000	2	1.23741
rank_unbounded	16	4	1000000	3	1.23887
rank_unbounded	16	4	1000000	4	1.23948
rank_unbounded	16	8	1000000	0	1.24285
rank_unbounded	16	8	1000000	1	1.24409
rank_unbounded	16	8	1000000	2	1.24326
rank_unbounded	16	8	1000000	3	1.24228
rank_unbounded	16	8	1000000	4	1.24465
rank_unbounded	16	16	1000000	0	1.25055
rank_unbounded	16	16	1000000	1	1.25891
rank_unbounded	16	16	1000000	2	1.24995
rank_unbounded	16	16	1000000	3	1.24967
rank_unbounded	16	32	1000000	0	1.29838
rank_unbounded	16	32	1000000	1	1.2946
rank_unbounded	16	32	1000000	2	1.29288
rank_unbounded	16	32	1000000	3	1.29399
rank_unbounded	16	64	1000000	0	1.37092
rank_unbounded	16	64	1000000	1	1.32991
rank_unbounded	16	64	1000000	2	1.32978
rank_unbounded	16	64	1000000	3	1.3298
rank_unbounded	16	128	1000000	0	1.46445
rank_unbounded	16	128	1000000	1	1.42892
rank_unbounded	16	128	1000000	2	1.42917
rank_unbounded	16	128	1000000	3	1.42791
rank_unbounded	16	256	1000000	0	1.5287
rank_unbounded	16	256	1000000	1	1.49321
rank_unbounded	16	256	1000000	2	1.50009
rank_unbounded	16	256	1000000	3	1.50022
rank_unbounded	16	512	1000000	0	1.66093
rank_unbounded	16	512	1000000	1	1.65606
rank_unbounded	16	512	1000000	2	1.65409
rank_unbounded	16	512	1000000	3	1.65363
rank_unbounded	16	1024	1000000	0	1.82258
rank_unbounded	16	1024	1000000	1	1.82199
rank_unbounded	16	1024	1000000	2	1.8226
rank_unbounded	32	1	1000000	0	1.80729
rank_unbounded	32	1	1000000	1	1.80294
rank_unbounded	32	1	1000000	2	1.80014
rank_unbounded	32	2	1000000	0	1.44892
rank_unbounded	32	2	1000000	1	1.4554
rank_unbounded	32	2	1000000	2	1.44596
rank_unbounded	32	2	1000000	3	1.45265
rank_unbounded	32	4	1000000	0	1.30507
rank_unbounded	32	4	1000000	1	1.30066
rank_unbounded	32	4	1000000	2	1.30014
rank_unbounded	32	4	1000000	3	1.30248
rank_unbounded	32	8	1000000	0	1.28149
rank_unbounded	32	8	1000000	1	1.30498
rank_unbounded	32	8	1000000	2	1.30822
rank_unbounded	32	8	1000000	3	1.30852
rank_unbounded	32	16	1000000	0	1.47681
rank_unbounded	32	16	1000000	1	1.47784
rank_unbounded	32	16	1000000	2	1.48597
rank_unbounded	32	16	1000000	3	1.47439
rank_unbounded	32	32	1000000	0	1.44789
rank_unbounded	32	32	1000000	1	1.45582
rank_unbounded	32	32	1000000	2	1.45197
rank_unbounded	32	32	1000000	3	1.4477
rank_unbounded	32	64	1000000	0	1.50869
rank_unbounded	32	64	1000000	1	1.47023
rank_unbounded	32	64	1000000	2	1.46645
rank_unbounded	32	64	1000000	3	1.46955
rank_unbounded	32	128	1000000	0	1.63699
rank_unbounded	32	128	1000000	1	1.59295
rank_unbounded	32	128	1000000	2	1.59023
rank_unbounded	32	128	1000000	3	1.5996
rank_unbounded	32	256	1000000	0	1.75591
rank_unbounded	32	256	1000000	1	1.72908
rank_unbounded	32	256	1000000	2	1.73972
rank_unbounded	32	512	1000000	0	2.00196
rank_unbounded	32	512	1000000	1	1.89752
rank_unbounded	32	512	1000000	2	1.9065
rank_unbounded	32	1024	1000000	0	2.06309
rank_unbounded	32	1024	1000000	1	2.06251
rank_unbounded	32	1024	1000000	2	2.06439
rank_unbounded	64	1	1000000	0	7.72994
rank_unbounded	64	2	1000000	0	4.54198
rank_unbounded	64	2	1000000	1	4.54635
rank_unbounded	64	4	1000000	0	2.9217
rank_unbounded	64	4	1000000	1	2.90838
rank_unbounded	64	8	1000000	0	2.12301
rank_unbounded	64	8	1000000	1	2.11996
rank_unbounded	64	8	1000000	2	2.13602
rank_unbounded	64	16	1000000	0	1.82466
rank_unbounded	64	16	1000000	1	1.8657
rank_unbounded	64	16	1000000	2	1.8405
rank_unbounded	64	32	1000000	0	1.84046
rank_unbounded	64	32	1000000	1	1.85233
rank_unbounded	64	32	1000000	2	1.84247
rank_unbounded	64	64	1000000	0	1.69797
rank_unbounded	64	64	1000000	1	1.66864
rank_unbounded	64	64	1000000	2	1.66226
rank_unbounded	64	128	1000000	0	1.79976
rank_unbounded	64	128	1000000	1	1.76935
rank_unbounded	64	128	1000000	2	1.77136
rank_unbounded	64	256	1000000	0	1.96673
rank_unbounded	64	256	1000000	1	1.95262
rank_unbounded	64	256	1000000	2	1.94692
rank_unbounded	64	512	1000000	0	2.24636
rank_unbounded	64	512	1000000	1	2.27436
rank_unbounded	64	512	1000000	2	2.27857
rank_unbounded	64	1024	1000000	0	2.49565
rank_unbounded	64	1024	1000000	1	2.4658
rank_unbounded	64	1024	1000000	2	2.46574
rank_unbounded	128	1	1000000	0	4.67388
rank_unbounded	128	1	1000000	1	4.66632
rank_unbounded	128	2	1000000	0	2.97681
rank_unbounded	128	2	1000000	1	2.97763
rank_unbounded	128	4	1000000	0	2.18775
rank_unbounded	128	4	1000000	1	2.18907
rank_unbounded	128	4	1000000	2	2.20838
rank_unbounded	128	8	1000000	0	1.81294
rank_unbounded	128	8	1000000	1	1.81217
rank_unbounded	128	8	1000000	2	1.81283
rank_unbounded	128	16	1000000	0	1.74748
rank_unbounded	128	16	1000000	1	1.74402
rank_unbounded	128	16	1000000	2	1.76051
rank_unbounded	128	32	1000000	0	1.89357
rank_unbounded	128	32	1000000	1	1.92014
rank_unbounded	128	32	1000000	2	1.9244
rank_unbounded	128	64	1000000	0	2.22718
rank_unbounded	128	64	1000000	1	2.22674
rank_unbounded	128	64	1000000	2	2.22558
rank_unbounded	128	128	1000000	0	2.14079
rank_unbounded	128	128	1000000	1	2.10493
rank_unbounded	128	128	1000000	2	2.11209
rank_unbounded	128	256	1000000	0	2.29983
rank_unbounded	128	256	1000000	1	2.26786
rank_unbounded	128	256	1000000	2	2.26699
rank_unbounded	128	512	1000000	0	2.47978
rank_unbounded	128	512	1000000	1	2.48205
rank_unbounded	128	512	1000000	2	2.47603
rank_unbounded	128	1024	1000000	0	2.87642
rank_unbounded	128	1024	1000000	1	2.87346
rank_unbounded	256	1	1000000	0	30.4139
rank_unbounded	256	2	1000000	0	13.981
rank_unbounded	256	4	1000000	0	7.98552
rank_unbounded	256	8	1000000	0	4.92906
rank_unbounded	256	8	1000000	1	4.92178
rank_unbounded	256	16	1000000	0	3.55617
rank_unbounded	256	16	1000000	1	3.51031
rank_unbounded	256	32	1000000	0	2.78559
rank_unbounded	256	32	1000000	1	2.76558
rank_unbounded	256	64	1000000	0	2.88668
rank_unbounded	256	64	1000000	1	2.88636
rank_unbounded	256	128	1000000	0	3.36951
rank_unbounded	256	128	1000000	1	3.43296
rank_unbounded	256	256	1000000	0	2.81306
rank_unbounded	256	256	1000000	1	2.78071
rank_unbounded	256	512	1000000	0	3.01649
rank_unbounded	256	512	1000000	1	3.03643
rank_unbounded	256	1024	1000000	0	3.51873
rank_unbounded	256	1024	1000000	1	3.54705
rank_unbounded	512	1	1000000	0	out of memory
rank_unbounded	512	2	1000000	0	out of memory
rank_unbounded	512	4	1000000	0	out of memory
rank_unbounded	512	8	1000000	0	out of memory
rank_unbounded	512	16	1000000	0	27.2215
rank_unbounded	512	32	1000000	0	13.5619
rank_unbounded	512	64	1000000	0	8.52485
rank_unbounded	512	128	1000000	0	6.50118
rank_unbounded	512	256	1000000	0	6.4327
rank_unbounded	512	512	1000000	0	7.28089
rank_unbounded	512	1024	1000000	0	7.58643
rank_unbounded	1024	1	1000000	0	16.6484
rank_unbounded	1024	2	1000000	0	10.5376
rank_unbounded	1024	4	1000000	0	7.15087
rank_unbounded	1024	8	1000000	0	5.67431
rank_unbounded	1024	16	1000000	0	5.31503
rank_unbounded	1024	32	1000000	0	5.09528
rank_unbounded	1024	64	1000000	0	5.78263
rank_unbounded	1024	128	1000000	0	6.14326
rank_unbounded	1024	256	1000000	0	7.5131
rank_unbounded	1024	512	1000000	0	9.9648
rank_unbounded	1024	1024	1000000	0	29.8389
rank_2000	2	1	1000000	0	1.57658
rank_2000	2	1	1000000	1	1.60423
rank_2000	2	1	1000000	2	1.65122
rank_2000	2	1	1000000	3	1.60248
rank_2000	2	2	1000000	0	1.51442
rank_2000	2	2	1000000	1	1.54652
rank_2000	2	2	1000000	2	1.51766
rank_2000	2	2	1000000	3	1.51524
rank_2000	2	4	1000000	0	1.4488
rank_2000	2	4	1000000	1	1.46098
rank_2000	2	4	1000000	2	1.44707
rank_2000	2	4	1000000	3	1.44624
rank_2000	2	8	1000000	0	1.51227
rank_2000	2	8	1000000	1	1.48687
rank_2000	2	8	1000000	2	1.48493
rank_2000	2	8	1000000	3	1.49012
rank_2000	2	16	1000000	0	1.54548
rank_2000	2	16	1000000	1	1.52522
rank_2000	2	16	1000000	2	1.52544
rank_2000	2	16	1000000	3	1.53239
rank_2000	2	32	1000000	0	1.51311
rank_2000	2	32	1000000	1	1.51711
rank_2000	2	32	1000000	2	1.52913
rank_2000	2	32	1000000	3	1.51258
rank_2000	2	64	1000000	0	1.55675
rank_2000	2	64	1000000	1	1.55894
rank_2000	2	64	1000000	2	1.55752
rank_2000	2	64	1000000	3	1.55666
rank_2000	2	128	1000000	0	1.58372
rank_2000	2	128	1000000	1	1.58424
rank_2000	2	128	1000000	2	1.57254
rank_2000	2	128	1000000	3	1.59485
rank_2000	2	256	1000000	0	1.55009
rank_2000	2	256	1000000	1	1.5471
rank_2000	2	256	1000000	2	1.54589
rank_2000	2	256	1000000	3	1.54514
rank_2000	2	512	1000000	0	1.49418
rank_2000	2	512	1000000	1	1.48454
rank_2000	2	512	1000000	2	1.49087
rank_2000	2	512	1000000	3	1.48595
rank_2000	2	1024	1000000	0	1.39457
rank_2000	2	1024	1000000	1	1.43148
rank_2000	2	1024	1000000	2	1.42531
rank_2000	2	1024	1000000	3	1.39298
rank_2000	4	1	1000000	0	1.11155
rank_2000	4	1	1000000	1	1.11378
rank_2000	4	1	1000000	2	1.11498
rank_2000	4	1	1000000	3	1.11357
rank_2000	4	1	1000000	4	1.11269
rank_2000	4	2	1000000	0	1.04935
rank_2000	4	2	1000000	1	1.05105
rank_2000	4	2	1000000	2	1.04938
rank_2000	4	2	1000000	3	1.04822
rank_2000	4	2	1000000	4	1.04877
rank_2000	4	4	1000000	0	0.999131
rank_2000	4	4	1000000	1	1.00261
rank_2000	4	4	1000000	2	1.0012
rank_2000	4	4	1000000	3	1.00205
rank_2000	4	4	1000000	4	1.00284
rank_2000	4	8	1000000	0	1.00295
rank_2000	4	8	1000000	1	1.00554
rank_2000	4	8	1000000	2	1.00272
rank_2000	4	8	1000000	3	1.00115
rank_2000	4	8	1000000	4	1.00322
rank_2000	4	16	1000000	0	1.00145
rank_2000	4	16	1000000	1	1.02895
rank_2000	4	16	1000000	2	1.00474
rank_2000	4	16	1000000	3	1.00176
rank_2000	4	16	1000000	4	1.00321
rank_2000	4	32	1000000	0	1.06076
rank_2000	4	32	1000000	1	1.07973
rank_2000	4	32	1000000	2	1.05994
rank_2000	4	32	1000000	3	1.05815
rank_2000	4	32	1000000	4	1.0585
rank_2000	4	64	1000000	0	1.07086
rank_2000	4	64	1000000	1	1.08506
rank_2000	4	64	1000000	2	1.06923
rank_2000	4	64	1000000	3	1.07026
rank_2000	4	64	1000000	4	1.0701
rank_2000	4	128	1000000	0	1.14067
rank_2000	4	128	1000000	1	1.13773
rank_2000	4	128	1000000	2	1.13651
rank_2000	4	128	1000000	3	1.13669
rank_2000	4	128	1000000	4	1.14188
rank_2000	4	256	1000000	0	1.14246
rank_2000	4	256	1000000	1	1.10565
rank_2000	4	256	1000000	2	1.10682
rank_2000	4	256	1000000	3	1.10658
rank_2000	4	256	1000000	4	1.13121
rank_2000	4	512	1000000	0	1.16804
rank_2000	4	512	1000000	1	1.16828
rank_2000	4	512	1000000	2	1.16642
rank_2000	4	512	1000000	3	1.17763
rank_2000	4	512	1000000	4	1.1684
rank_2000	4	1024	1000000	0	0.97453
rank_2000	4	1024	1000000	1	0.975698
rank_2000	4	1024	1000000	2	0.973018
rank_2000	4	1024	1000000	3	1.00325
rank_2000	4	1024	1000000	4	0.975034
rank_2000	8	1	1000000	0	1.12827
rank_2000	8	1	1000000	1	1.15493
rank_2000	8	1	1000000	2	1.13204
rank_2000	8	1	1000000	3	1.13444
rank_2000	8	1	1000000	4	1.13438
rank_2000	8	2	1000000	0	0.976294
rank_2000	8	2	1000000	1	0.992589
rank_2000	8	2	1000000	2	0.992541
rank_2000	8	2	1000000	3	0.988595
rank_2000	8	2	1000000	4	0.992202
rank_2000	8	4	1000000	0	0.973781
rank_2000	8	4	1000000	1	0.971829
rank_2000	8	4	1000000	2	0.973014
rank_2000	8	4	1000000	3	0.99778
rank_2000	8	4	1000000	4	0.972495
rank_2000	8	8	1000000	0	0.885204
rank_2000	8	8	1000000	1	0.887617
rank_2000	8	8	1000000	2	0.886301
rank_2000	8	8	1000000	3	0.888511
rank_2000	8	8	1000000	4	0.885785
rank_2000	8	16	1000000	0	0.889823
rank_2000	8	16	1000000	1	0.89131
rank_2000	8	16	1000000	2	0.891676
rank_2000	8	16	1000000	3	0.89703
rank_2000	8	16	1000000	4	0.89136
rank_2000	8	32	1000000	0	0.954261
rank_2000	8	32	1000000	1	0.921678
rank_2000	8	32	1000000	2	0.930721
rank_2000	8	32	1000000	3	0.922109
rank_2000	8	32	1000000	4	0.926876
rank_2000	8	64	1000000	0	0.898893
rank_2000	8	64	1000000	1	0.898549
rank_2000	8	64	1000000	2	0.899101
rank_2000	8	64	1000000	3	0.898772
rank_2000	8	64	1000000	4	0.901121
rank_2000	8	128	1000000	0	0.96837
rank_2000	8	128	1000000	1	0.963697
rank_2000	8	128	1000000	2	0.964682
rank_2000	8	128	1000000	3	0.964014
rank_2000	8	128	1000000	4	0.963549
rank_2000	8	256	1000000	0	1.02295
rank_2000	8	256	1000000	1	1.02284
rank_2000	8	256	1000000	2	1.02223
rank_2000	8	256	1000000	3	1.02192
rank_2000	8	256	1000000	4	1.02367
rank_2000	8	512	1000000	0	0.975555
rank_2000	8	512	1000000	1	0.972213
rank_2000	8	512	1000000	2	0.971706
rank_2000	8	512	1000000	3	0.972206
rank_2000	8	512	1000000	4	0.972452
rank_2000	8	1024	1000000	0	0.979186
rank_2000	8	1024	1000000	1	0.97711
rank_2000	8	1024	1000000	2	0.979935
rank_2000	8	1024	1000000	3	0.976658
rank_2000	8	1024	1000000	4	0.976964
rank_2000	16	1	1000000	0	1.20703
rank_2000	16	1	1000000	1	1.20626
rank_2000	16	1	1000000	2	1.20836
rank_2000	16	1	1000000	3	1.21669
rank_2000	16	1	1000000	4	1.22349
rank_2000	16	2	1000000	0	0.9646
rank_2000	16	2	1000000	1	0.966001
rank_2000	16	2	1000000	2	0.96553
rank_2000	16	2	1000000	3	0.968704
rank_2000	16	2	1000000	4	0.968449
rank_2000	16	4	1000000	0	0.895473
rank_2000	16	4	1000000	1	0.917394
rank_2000	16	4	1000000	2	0.911961
rank_2000	16	4	1000000	3	0.912435
rank_2000	16	4	1000000	4	0.916337
rank_2000	16	8	1000000	0	0.925341
rank_2000	16	8	1000000	1	0.926743
rank_2000	16	8	1000000	2	0.926793
rank_2000	16	8	1000000	3	0.927274
rank_2000	16	8	1000000	4	0.926536
rank_2000	16	16	1000000	0	0.84143
rank_2000	16	16	1000000	1	0.796588
rank_2000	16	16	1000000	2	0.797043
rank_2000	16	16	1000000	3	0.796078
rank_2000	16	16	1000000	4	0.796418
rank_2000	16	32	1000000	0	0.832525
rank_2000	16	32	1000000	1	0.835759
rank_2000	16	32	1000000	2	0.832848
rank_2000	16	32	1000000	3	0.831651
rank_2000	16	32	1000000	4	0.831762
rank_2000	16	64	1000000	0	0.887252
rank_2000	16	64	1000000	1	0.88699
rank_2000	16	64	1000000	2	0.894675
rank_2000	16	64	1000000	3	0.886891
rank_2000	16	64	1000000	4	0.887043
rank_2000	16	128	1000000	0	0.951699
rank_2000	16	128	1000000	1	0.952593
rank_2000	16	128	1000000	2	0.957628
rank_2000	16	128	1000000	3	0.952075
rank_2000	16	128	1000000	4	0.950951
rank_2000	16	256	1000000	0	0.925558
rank_2000	16	256	1000000	1	0.924501
rank_2000	16	256	1000000	2	0.929743
rank_2000	16	256	1000000	3	0.927405
rank_2000	16	256	1000000	4	0.926134
rank_2000	16	512	1000000	0	0.95938
rank_2000	16	512	1000000	1	0.95691
rank_2000	16	512	1000000	2	0.960949
rank_2000	16	512	1000000	3	0.962802
rank_2000	16	512	1000000	4	0.958441
rank_2000	16	1024	1000000	0	0.988338
rank_2000	16	1024	1000000	1	0.987888
rank_2000	16	1024	1000000	2	0.988468
rank_2000	16	1024	1000000	3	0.992739
rank_2000	16	1024	1000000	4	0.988328
rank_2000	32	1	1000000	0	1.54761
rank_2000	32	1	1000000	1	1.5485
rank_2000	32	1	1000000	2	1.55125
rank_2000	32	1	1000000	3	1.55262
rank_2000	32	2	1000000	0	1.15357
rank_2000	32	2	1000000	1	1.15613
rank_2000	32	2	1000000	2	1.15703
rank_2000	32	2	1000000	3	1.15562
rank_2000	32	2	1000000	4	1.1583
rank_2000	32	4	1000000	0	1.00485
rank_2000	32	4	1000000	1	1.01365
rank_2000	32	4	1000000	2	0.996243
rank_2000	32	4	1000000	3	0.995264
rank_2000	32	4	1000000	4	0.994268
rank_2000	32	8	1000000	0	0.944406
rank_2000	32	8	1000000	1	0.975295
rank_2000	32	8	1000000	2	0.970051
rank_2000	32	8	1000000	3	0.970336
rank_2000	32	8	1000000	4	0.96818
rank_2000	32	16	1000000	0	1.09831
rank_2000	32	16	1000000	1	1.1007
rank_2000	32	16	1000000	2	1.09763
rank_2000	32	16	1000000	3	1.09677
rank_2000	32	16	1000000	4	1.09743
rank_2000	32	32	1000000	0	0.897746
rank_2000	32	32	1000000	1	0.882041
rank_2000	32	32	1000000	2	0.875031
rank_2000	32	32	1000000	3	0.874005
rank_2000	32	32	1000000	4	0.872756
rank_2000	32	64	1000000	0	0.914683
rank_2000	32	64	1000000	1	0.919104
rank_2000	32	64	1000000	2	0.921591
rank_2000	32	64	1000000	3	0.91447
rank_2000	32	64	1000000	4	0.914638
rank_2000	32	128	1000000	0	1.00091
rank_2000	32	128	1000000	1	1.00293
rank_2000	32	128	1000000	2	1.0027
rank_2000	32	128	1000000	3	1.00148
rank_2000	32	128	1000000	4	1.00105
rank_2000	32	256	1000000	0	1.0784
rank_2000	32	256	1000000	1	1.07037
rank_2000	32	256	1000000	2	1.07097
rank_2000	32	256	1000000	3	1.06954
rank_2000	32	256	1000000	4	1.07217
rank_2000	32	512	1000000	0	1.16941
rank_2000	32	512	1000000	1	1.17694
rank_2000	32	512	1000000	2	1.17118
rank_2000	32	512	1000000	3	1.17192
rank_2000	32	512	1000000	4	1.17145
rank_2000	32	1024	1000000	0	0.987681
rank_2000	32	1024	1000000	1	1.0129
rank_2000	32	1024	1000000	2	0.984948
rank_2000	32	1024	1000000	3	0.985278
rank_2000	32	1024	1000000	4	0.986467
rank_2000	64	1	1000000	0	7.42458
rank_2000	64	2	1000000	0	4.1535
rank_2000	64	2	1000000	1	4.16741
rank_2000	64	4	1000000	0	2.50986
rank_2000	64	4	1000000	1	2.50885
rank_2000	64	8	1000000	0	1.71629
rank_2000	64	8	1000000	1	1.71442
rank_2000	64	8	1000000	2	1.71845
rank_2000	64	16	1000000	0	1.40648
rank_2000	64	16	1000000	1	1.41291
rank_2000	64	16	1000000	2	1.42581
rank_2000	64	16	1000000	3	1.41504
rank_2000	64	32	1000000	0	1.41121
rank_2000	64	32	1000000	1	1.41046
rank_2000	64	32	1000000	2	1.41339
rank_2000	64	32	1000000	3	1.41131
rank_2000	64	64	1000000	0	1.14458
rank_2000	64	64	1000000	1	1.12747
rank_2000	64	64	1000000	2	1.12743
rank_2000	64	64	1000000	3	1.13022
rank_2000	64	64	1000000	4	1.12655
rank_2000	64	128	1000000	0	1.1065
rank_2000	64	128	1000000	1	1.11228
rank_2000	64	128	1000000	2	1.11116
rank_2000	64	128	1000000	3	1.10992
rank_2000	64	128	1000000	4	1.10867
rank_2000	64	256	1000000	0	1.09386
rank_2000	64	256	1000000	1	1.09322
rank_2000	64	256	1000000	2	1.09709
rank_2000	64	256	1000000	3	1.09723
rank_2000	64	256	1000000	4	1.09523
rank_2000	64	512	1000000	0	1.12912
rank_2000	64	512	1000000	1	1.12315
rank_2000	64	512	1000000	2	1.12467
rank_2000	64	512	1000000	3	1.12313
rank_2000	64	512	1000000	4	1.12293
rank_2000	64	1024	1000000	0	1.16443
rank_2000	64	1024	1000000	1	1.16792
rank_2000	64	1024	1000000	2	1.16158
rank_2000	64	1024	1000000	3	1.16129
rank_2000	64	1024	1000000	4	1.16526
rank_2000	128	1	1000000	0	4.30553
rank_2000	128	1	1000000	1	4.3039
rank_2000	128	2	1000000	0	2.55242
rank_2000	128	2	1000000	1	2.54495
rank_2000	128	4	1000000	0	1.73236
rank_2000	128	4	1000000	1	1.73223
rank_2000	128	4	1000000	2	1.73066
rank_2000	128	8	1000000	0	1.32169
rank_2000	128	8	1000000	1	1.32366
rank_2000	128	8	1000000	2	1.32168
rank_2000	128	8	1000000	3	1.32025
rank_2000	128	16	1000000	0	1.18369
rank_2000	128	16	1000000	1	1.18518
rank_2000	128	16	1000000	2	1.18416
rank_2000	128	16	1000000	3	1.18422
rank_2000	128	16	1000000	4	1.18326
rank_2000	128	32	1000000	0	1.22483
rank_2000	128	32	1000000	1	1.22555
rank_2000	128	32	1000000	2	1.2232
rank_2000	128	32	1000000	3	1.22282
rank_2000	128	32	1000000	4	1.22623
rank_2000	128	64	1000000	0	1.40424
rank_2000	128	64	1000000	1	1.41553
rank_2000	128	64	1000000	2	1.3999
rank_2000	128	64	1000000	3	1.39692
rank_2000	128	128	1000000	0	0.809741
rank_2000	128	128	1000000	1	0.809839
rank_2000	128	128	1000000	2	0.809323
rank_2000	128	128	1000000	3	0.810147
rank_2000	128	128	1000000	4	0.817263
rank_2000	128	256	1000000	0	0.820226
rank_2000	128	256	1000000	1	0.820264
rank_2000	128	256	1000000	2	0.820699
rank_2000	128	256	1000000	3	0.821106
rank_2000	128	256	1000000	4	0.820139
rank_2000	128	512	1000000	0	0.829576
rank_2000	128	512	1000000	1	0.828953
rank_2000	128	512	1000000	2	0.824304
rank_2000	128	512	1000000	3	0.824017
rank_2000	128	512	1000000	4	0.824585
rank_2000	128	1024	1000000	0	0.845083
rank_2000	128	1024	1000000	1	0.846207
rank_2000	128	1024	1000000	2	0.841254
rank_2000	128	1024	1000000	3	0.837233
rank_2000	128	1024	1000000	4	0.836627
rank_2000	256	1	1000000	0	30.0928
rank_2000	256	2	1000000	0	13.5454
rank_2000	256	4	1000000	0	7.47176
rank_2000	256	8	1000000	0	4.41209
rank_2000	256	8	1000000	1	4.41224
rank_2000	256	16	1000000	0	2.96031
rank_2000	256	16	1000000	1	2.9443
rank_2000	256	32	1000000	0	2.2554
rank_2000	256	32	1000000	1	2.25499
rank_2000	256	32	1000000	2	2.28949
rank_2000	256	64	1000000	0	2.21371
rank_2000	256	64	1000000	1	2.21213
rank_2000	256	64	1000000	2	2.21676
rank_2000	256	128	1000000	0	2.42684
rank_2000	256	128	1000000	1	2.51656
rank_2000	256	128	1000000	2	2.42916
rank_2000	256	256	1000000	0	0.804396
rank_2000	256	256	1000000	1	0.802894
rank_2000	256	256	1000000	2	0.801613
rank_2000	256	256	1000000	3	0.801337
rank_2000	256	256	1000000	4	0.802506
rank_2000	256	512	1000000	0	0.751695
rank_2000	256	512	1000000	1	0.75523
rank_2000	256	512	1000000	2	0.753591
rank_2000	256	512	1000000	3	0.751932
rank_2000	256	512	1000000	4	0.751405
rank_2000	256	1024	1000000	0	0.717592
rank_2000	256	1024	1000000	1	0.71784
rank_2000	256	1024	1000000	2	0.717217
rank_2000	256	1024	1000000	3	0.719905
rank_2000	256	1024	1000000	4	0.719384
rank_2000	512	1	1000000	0	out of memory
rank_2000	512	2	1000000	0	out of memory
rank_2000	512	4	1000000	0	out of memory
rank_2000	512	8	1000000	0	out of memory
rank_2000	512	16	1000000	0	26.5075
rank_2000	512	32	1000000	0	12.7883
rank_2000	512	64	1000000	0	7.76667
rank_2000	512	128	1000000	0	5.76908
rank_2000	512	256	1000000	0	5.3359
rank_2000	512	512	1000000	0	1.41021
rank_2000	512	512	1000000	1	1.41182
rank_2000	512	512	1000000	2	1.41071
rank_2000	512	512	1000000	3	1.40756
rank_2000	512	1024	1000000	0	1.07694
rank_2000	512	1024	1000000	1	1.07903
rank_2000	512	1024	1000000	2	1.08612
rank_2000	512	1024	1000000	3	1.07643
rank_2000	512	1024	1000000	4	1.077
rank_2000	1024	1	1000000	0	16.4036
rank_2000	1024	2	1000000	0	10.0724
rank_2000	1024	4	1000000	0	6.44676
rank_2000	1024	8	1000000	0	4.72498
rank_2000	1024	8	1000000	1	4.71765
rank_2000	1024	16	1000000	0	4.11646
rank_2000	1024	16	1000000	1	4.11681
rank_2000	1024	32	1000000	0	3.64595
rank_2000	1024	32	1000000	1	3.64623
rank_2000	1024	64	1000000	0	4.11232
rank_2000	1024	64	1000000	1	4.11546
rank_2000	1024	128	1000000	0	4.39758
rank_2000	1024	128	1000000	1	4.44032
rank_2000	1024	256	1000000	0	5.73809
rank_2000	1024	512	1000000	0	7.99164
rank_2000	1024	1024	1000000	0	0.973177
rank_2000	1024	1024	1000000	1	0.971407
rank_2000	1024	1024	1000000	2	0.972912
rank_2000	1024	1024	1000000	3	0.971617
rank_2000	1024	1024	1000000	4	0.969734
median_unbounded	2	1	1000000	0	1.06233
median_unbounded	2	1	1000000	1	1.06053
median_unbounded	2	1	1000000	2	1.06621
median_unbounded	2	1	1000000	3	1.06411
median_unbounded	2	1	1000000	4	1.06158
median_unbounded	2	2	1000000	0	1.02819
median_unbounded	2	2	1000000	1	1.03073
median_unbounded	2	2	1000000	2	1.02912
median_unbounded	2	2	1000000	3	1.02844
median_unbounded	2	2	1000000	4	1.02791
median_unbounded	2	4	1000000	0	1.01381
median_unbounded	2	4	1000000	1	1.01481
median_unbounded	2	4	1000000	2	1.01397
median_unbounded	2	4	1000000	3	1.01301
median_unbounded	2	4	1000000	4	1.01406
median_unbounded	2	8	1000000	0	1.06374
median_unbounded	2	8	1000000	1	1.05609
median_unbounded	2	8	1000000	2	1.05794
median_unbounded	2	8	1000000	3	1.0588
median_unbounded	2	8	1000000	4	1.05746
median_unbounded	2	16	1000000	0	1.07158
median_unbounded	2	16	1000000	1	1.07048
median_unbounded	2	16	1000000	2	1.07143
median_unbounded	2	16	1000000	3	1.06979
median_unbounded	2	16	1000000	4	1.07047
median_unbounded	2	32	1000000	0	1.12434
median_unbounded	2	32	1000000	1	1.12151
median_unbounded	2	32	1000000	2	1.12226
median_unbounded	2	32	1000000	3	1.12221
median_unbounded	2	32	1000000	4	1.12849
median_unbounded	2	64	1000000	0	1.12924
median_unbounded	2	64	1000000	1	1.13051
median_unbounded	2	64	1000000	2	1.13055
median_unbounded	2	64	1000000	3	1.12969
median_unbounded	2	64	1000000	4	1.13168
median_unbounded	2	128	1000000	0	1.14624
median_unbounded	2	128	1000000	1	1.1462
median_unbounded	2	128	1000000	2	1.14702
median_unbounded	2	128	1000000	3	1.14634
median_unbounded	2	128	1000000	4	1.14442
median_unbounded	2	256	1000000	0	1.21413
median_unbounded	2	256	1000000	1	1.2131
median_unbounded	2	256	1000000	2	1.21425
median_unbounded	2	256	1000000	3	1.2148
median_unbounded	2	256	1000000	4	1.21235
median_unbounded	2	512	1000000	0	1.22341
median_unbounded	2	512	1000000	1	1.22275
median_unbounded	2	512	1000000	2	1.22286
median_unbounded	2	512	1000000	3	1.22366
median_unbounded	2	512	1000000	4	1.22211
median_unbounded	2	1024	1000000	0	1.25127
median_unbounded	2	1024	1000000	1	1.24844
median_unbounded	2	1024	1000000	2	1.24955
median_unbounded	2	1024	1000000	3	1.25041
median_unbounded	2	1024	1000000	4	1.25086
median_unbounded	4	1	1000000	0	0.866824
median_unbounded	4	1	1000000	1	0.871573
median_unbounded	4	1	1000000	2	0.86768
median_unbounded	4	1	1000000	3	0.869737
median_unbounded	4	1	1000000	4	0.867338
median_unbounded	4	2	1000000	0	0.809629
median_unbounded	4	2	1000000	1	0.807929
median_unbounded	4	2	1000000	2	0.806871
median_unbounded	4	2	1000000	3	0.808566
median_unbounded	4	2	1000000	4	0.80826
median_unbounded	4	4	1000000	0	0.773642
median_unbounded	4	4	1000000	1	0.772749
median_unbounded	4	4	1000000	2	0.77884
median_unbounded	4	4	1000000	3	0.773484
median_unbounded	4	4	1000000	4	0.771045
median_unbounded	4	8	1000000	0	0.783795
median_unbounded	4	8	1000000	1	0.788014
median_unbounded	4	8	1000000	2	0.785079
median_unbounded	4	8	1000000	3	0.784571
median_unbounded	4	8	1000000	4	0.783442
median_unbounded	4	16	1000000	0	0.796745
median_unbounded	4	16	1000000	1	0.797314
median_unbounded	4	16	1000000	2	0.796094
median_unbounded	4	16	1000000	3	0.796303
median_unbounded	4	16	1000000	4	0.796824
median_unbounded	4	32	1000000	0	0.825166
median_unbounded	4	32	1000000	1	0.824695
median_unbounded	4	32	1000000	2	0.824952
median_unbounded	4	32	1000000	3	0.825167
median_unbounded	4	32	1000000	4	0.82539
median_unbounded	4	64	1000000	0	0.851405
median_unbounded	4	64	1000000	1	0.851023
median_unbounded	4	64	1000000	2	0.85077
median_unbounded	4	64	1000000	3	0.85054
median_unbounded	4	64	1000000	4	0.850099
median_unbounded	4	128	1000000	0	0.893175
median_unbounded	4	128	1000000	1	0.898341
median_unbounded	4	128	1000000	2	0.900024
median_unbounded	4	128	1000000	3	0.892002
median_unbounded	4	128	1000000	4	0.891746
median_unbounded	4	256	1000000	0	0.928722
median_unbounded	4	256	1000000	1	0.928607
median_unbounded	4	256	1000000	2	0.927912
median_unbounded	4	256	1000000	3	0.929061
median_unbounded	4	256	1000000	4	0.927919
median_unbounded	4	512	1000000	0	0.968392
median_unbounded	4	512	1000000	1	0.967549
median_unbounded	4	512	1000000	2	0.967638
median_unbounded	4	512	1000000	3	0.96922
median_unbounded	4	512	1000000	4	0.968271
median_unbounded	4	1024	1000000	0	0.958117
median_unbounded	4	1024	1000000	1	0.958921
median_unbounded	4	1024	1000000	2	0.959277
median_unbounded	4	1024	1000000	3	0.956965
median_unbounded	4	1024	1000000	4	0.958169
median_unbounded	8	1	1000000	0	0.956982
median_unbounded	8	1	1000000	1	0.958397
median_unbounded	8	1	1000000	2	0.959294
median_unbounded	8	1	1000000	3	0.955956
median_unbounded	8	1	1000000	4	0.961219
median_unbounded	8	2	1000000	0	0.827669
median_unbounded	8	2	1000000	1	0.82869
median_unbounded	8	2	1000000	2	0.828742
median_unbounded	8	2	1000000	3	0.826569
median_unbounded	8	2	1000000	4	0.826805
median_unbounded	8	4	1000000	0	0.78083
median_unbounded	8	4	1000000	1	0.78096
median_unbounded	8	4	1000000	2	0.779615
median_unbounded	8	4	1000000	3	0.780849
median_unbounded	8	4	1000000	4	0.77977
median_unbounded	8	8	1000000	0	0.764185
median_unbounded	8	8	1000000	1	0.763536
median_unbounded	8	8	1000000	2	0.763432
median_unbounded	8	8	1000000	3	0.763566
median_unbounded	8	8	1000000	4	0.764261
median_unbounded	8	16	1000000	0	0.782721
median_unbounded	8	16	1000000	1	0.789482
median_unbounded	8	16	1000000	2	0.783893
median_unbounded	8	16	1000000	3	0.784445
median_unbounded	8	16	1000000	4	0.784818
median_unbounded	8	32	1000000	0	0.794861
median_unbounded	8	32	1000000	1	0.794639
median_unbounded	8	32	1000000	2	0.79475
median_unbounded	8	32	1000000	3	0.795288
median_unbounded	8	32	1000000	4	0.793918
median_unbounded	8	64	1000000	0	0.835607
median_unbounded	8	64	1000000	1	0.834614
median_unbounded	8	64	1000000	2	0.834954
median_unbounded	8	64	1000000	3	0.834603
median_unbounded	8	64	1000000	4	0.834793
median_unbounded	8	128	1000000	0	0.878275
median_unbounded	8	128	1000000	1	0.879388
median_unbounded	8	128	1000000	2	0.877423
median_unbounded	8	128	1000000	3	0.879456
median_unbounded	8	128	1000000	4	0.885188
median_unbounded	8	256	1000000	0	0.924994
median_unbounded	8	256	1000000	1	0.914976
median_unbounded	8	256	1000000	2	0.914458
median_unbounded	8	256	1000000	3	0.914718
median_unbounded	8	256	1000000	4	0.91452
median_unbounded	8	512	1000000	0	0.928005
median_unbounded	8	512	1000000	1	0.926335
median_unbounded	8	512	1000000	2	0.92655
median_unbounded	8	512	1000000	3	0.937729
median_unbounded	8	512	1000000	4	0.933647
median_unbounded	8	1024	1000000	0	0.968464
median_unbounded	8	1024	1000000	1	0.975667
median_unbounded	8	1024	1000000	2	0.970918
median_unbounded	8	1024	1000000	3	0.970714
median_unbounded	8	1024	1000000	4	0.969016
median_unbounded	16	1	1000000	0	1.04722
median_unbounded	16	1	1000000	1	1.04753
median_unbounded	16	1	1000000	2	1.04759
median_unbounded	16	1	1000000	3	1.04645
median_unbounded	16	1	1000000	4	1.04732
median_unbounded	16	2	1000000	0	0.861579
median_unbounded	16	2	1000000	1	0.861238
median_unbounded	16	2	1000000	2	0.86114
median_unbounded	16	2	1000000	3	0.860465
median_unbounded	16	2	1000000	4	0.862062
median_unbounded	16	4	1000000	0	0.772287
median_unbounded	16	4	1000000	1	0.769286
median_unbounded	16	4	1000000	2	0.772213
median_unbounded	16	4	1000000	3	0.770389
median_unbounded	16	4	1000000	4	0.7706
median_unbounded	16	8	1000000	0	0.754783
median_unbounded	16	8	1000000	1	0.756968
median_unbounded	16	8	1000000	2	0.756451
median_unbounded	16	8	1000000	3	0.755362
median_unbounded	16	8	1000000	4	0.755643
median_unbounded	16	16	1000000	0	0.783831
median_unbounded	16	16	1000000	1	0.780256
median_unbounded	16	16	1000000	2	0.779809
median_unbounded	16	16	1000000	3	0.780744
median_unbounded	16	16	1000000	4	0.78152
median_unbounded	16	32	1000000	0	0.796129
median_unbounded	16	32	1000000	1	0.79553
median_unbounded	16	32	1000000	2	0.79481
median_unbounded	16	32	1000000	3	0.795285
median_unbounded	16	32	1000000	4	0.794722
median_unbounded	16	64	1000000	0	0.832925
median_unbounded	16	64	1000000	1	0.831957
median_unbounded	16	64	1000000	2	0.832233
median_unbounded	16	64	1000000	3	0.831474
median_unbounded	16	64	1000000	4	0.832675
median_unbounded	16	128	1000000	0	0.890743
median_unbounded	16	128	1000000	1	0.891924
median_unbounded	16	128	1000000	2	0.892197
median_unbounded	16	128	1000000	3	0.891053
median_unbounded	16	128	1000000	4	0.890812
median_unbounded	16	256	1000000	0	0.926901
median_unbounded	16	256	1000000	1	0.926822
median_unbounded	16	256	1000000	2	0.931394
median_unbounded	16	256	1000000	3	0.929407
median_unbounded	16	256	1000000	4	0.926683
median_unbounded	16	512	1000000	0	0.967427
median_unbounded	16	512	1000000	1	0.965476
median_unbounded	16	512	1000000	2	0.96485
median_unbounded	16	512	1000000	3	0.965289
median_unbounded	16	512	1000000	4	0.967461
median_unbounded	16	1024	1000000	0	1.01126
median_unbounded	16	1024	1000000	1	1.01252
median_unbounded	16	1024	1000000	2	1.01173
median_unbounded	16	1024	1000000	3	1.01164
median_unbounded	16	1024	1000000	4	1.0121
median_unbounded	32	1	1000000	0	1.36526
median_unbounded	32	1	1000000	1	1.35345
median_unbounded	32	1	1000000	2	1.35593
median_unbounded	32	1	1000000	3	1.35616
median_unbounded	32	2	1000000	0	1.00198
median_unbounded	32	2	1000000	1	1.00365
median_unbounded	32	2	1000000	2	1.00046
median_unbounded	32	2	1000000	3	1.00334
median_unbounded	32	2	1000000	4	1.00519
median_unbounded	32	4	1000000	0	0.882749
median_unbounded	32	4	1000000	1	0.882211
median_unbounded	32	4	1000000	2	0.881107
median_unbounded	32	4	1000000	3	0.881661
median_unbounded	32	4	1000000	4	0.880553
median_unbounded	32	8	1000000	0	0.81439
median_unbounded	32	8	1000000	1	0.813905
median_unbounded	32	8	1000000	2	0.814099
median_unbounded	32	8	1000000	3	0.812373
median_unbounded	32	8	1000000	4	0.81326
median_unbounded	32	16	1000000	0	0.818276
median_unbounded	32	16	1000000	1	0.81586
median_unbounded	32	16	1000000	2	0.817364
median_unbounded	32	16	1000000	3	0.81658
median_unbounded	32	16	1000000	4	0.816568
median_unbounded	32	32	1000000	0	0.889578
median_unbounded	32	32	1000000	1	0.888411
median_unbounded	32	32	1000000	2	0.887235
median_unbounded	32	32	1000000	3	0.889236
median_unbounded	32	32	1000000	4	0.888186
median_unbounded	32	64	1000000	0	0.90936
median_unbounded	32	64	1000000	1	0.908552
median_unbounded	32	64	1000000	2	0.907586
median_unbounded	32	64	1000000	3	0.90871
median_unbounded	32	64	1000000	4	0.909527
median_unbounded	32	128	1000000	0	0.943593
median_unbounded	32	128	1000000	1	0.941479
median_unbounded	32	128	1000000	2	0.943039
median_unbounded	32	128	1000000	3	0.94189
median_unbounded	32	128	1000000	4	0.944902
median_unbounded	32	256	1000000	0	0.971041
median_unbounded	32	256	1000000	1	0.973299
median_unbounded	32	256	1000000	2	0.971592
median_unbounded	32	256	1000000	3	0.975836
median_unbounded	32	256	1000000	4	0.970136
median_unbounded	32	512	1000000	0	1.02405
median_unbounded	32	512	1000000	1	1.02314
median_unbounded	32	512	1000000	2	1.02114
median_unbounded	32	512	1000000	3	1.05544
median_unbounded	32	512	1000000	4	1.02869
median_unbounded	32	1024	1000000	0	1.41002
median_unbounded	32	1024	1000000	1	1.40511
median_unbounded	32	1024	1000000	2	1.4405
median_unbounded	32	1024	1000000	3	1.37521
median_unbounded	64	1	1000000	0	7.47995
median_unbounded	64	2	1000000	0	4.19089
median_unbounded	64	2	1000000	1	4.18426
median_unbounded	64	4	1000000	0	2.65835
median_unbounded	64	4	1000000	1	2.65767
median_unbounded	64	8	1000000	0	1.80403
median_unbounded	64	8	1000000	1	1.8027
median_unbounded	64	8	1000000	2	1.80693
median_unbounded	64	16	1000000	0	1.47214
median_unbounded	64	16	1000000	1	1.47622
median_unbounded	64	16	1000000	2	1.47387
median_unbounded	64	16	1000000	3	1.47011
median_unbounded	64	32	1000000	0	1.26473
median_unbounded	64	32	1000000	1	1.26486
median_unbounded	64	32	1000000	2	1.26286
median_unbounded	64	32	1000000	3	1.26193
median_unbounded	64	64	1000000	0	1.29896
median_unbounded	64	64	1000000	1	1.29893
median_unbounded	64	64	1000000	2	1.29784
median_unbounded	64	64	1000000	3	1.29873
median_unbounded	64	128	1000000	0	1.37346
median_unbounded	64	128	1000000	1	1.38099
median_unbounded	64	128	1000000	2	1.38026
median_unbounded	64	128	1000000	3	1.37206
median_unbounded	64	256	1000000	0	1.47325
median_unbounded	64	256	1000000	1	1.47488
median_unbounded	64	256	1000000	2	1.47415
median_unbounded	64	256	1000000	3	1.47539
median_unbounded	64	512	1000000	0	1.61319
median_unbounded	64	512	1000000	1	1.60832
median_unbounded	64	512	1000000	2	1.60126
median_unbounded	64	512	1000000	3	1.6296
median_unbounded	64	1024	1000000	0	1.70213
median_unbounded	64	1024	1000000	1	1.70308
median_unbounded	64	1024	1000000	2	1.72509
median_unbounded	128	1	1000000	0	4.2528
median_unbounded	128	1	1000000	1	4.22658
median_unbounded	128	2	1000000	0	2.52887
median_unbounded	128	2	1000000	1	2.48911
median_unbounded	128	4	1000000	0	1.90711
median_unbounded	128	4	1000000	1	1.84622
median_unbounded	128	4	1000000	2	1.84928
median_unbounded	128	8	1000000	0	1.54171
median_unbounded	128	8	1000000	1	1.48379
median_unbounded	128	8	1000000	2	1.48932
median_unbounded	128	8	1000000	3	1.51611
median_unbounded	128	16	1000000	0	1.32893
median_unbounded	128	16	1000000	1	1.32064
median_unbounded	128	16	1000000	2	1.29528
median_unbounded	128	16	1000000	3	1.30554
median_unbounded	128	32	1000000	0	1.36176
median_unbounded	128	32	1000000	1	1.3617
median_unbounded	128	32	1000000	2	1.36325
median_unbounded	128	32	1000000	3	1.36181
median_unbounded	128	64	1000000	0	1.40342
median_unbounded	128	64	1000000	1	1.40153
median_unbounded	128	64	1000000	2	1.40312
median_unbounded	128	64	1000000	3	1.40159
median_unbounded	128	128	1000000	0	3.02246
median_unbounded	128	128	1000000	1	3.02059
median_unbounded	128	256	1000000	0	2.95061
median_unbounded	128	256	1000000	1	2.94227
median_unbounded	128	512	1000000	0	2.98503
median_unbounded	128	512	1000000	1	2.95513
median_unbounded	128	1024	1000000	0	2.94785
median_unbounded	128	1024	1000000	1	2.93127
median_unbounded	256	1	1000000	0	29.896
median_unbounded	256	2	1000000	0	13.4064
median_unbounded	256	4	1000000	0	7.51262
median_unbounded	256	8	1000000	0	4.59828
median_unbounded	256	8	1000000	1	4.53942
median_unbounded	256	16	1000000	0	3.11684
median_unbounded	256	16	1000000	1	3.08081
median_unbounded	256	32	1000000	0	2.44536
median_unbounded	256	32	1000000	1	2.42262
median_unbounded	256	32	1000000	2	2.41492
median_unbounded	256	64	1000000	0	2.08583
median_unbounded	256	64	1000000	1	1.99236
median_unbounded	256	64	1000000	2	1.99963
median_unbounded	256	128	1000000	0	1.95581
median_unbounded	256	128	1000000	1	1.96006
median_unbounded	256	128	1000000	2	1.96477
median_unbounded	256	256	1000000	0	4.05773
median_unbounded	256	256	1000000	1	4.05692
median_unbounded	256	512	1000000	0	4.00323
median_unbounded	256	512	1000000	1	3.91845
median_unbounded	256	1024	1000000	0	3.93686
median_unbounded	256	1024	1000000	1	3.92254
median_unbounded	512	1	1000000	0	out of memory
median_unbounded	512	2	1000000	0	out of memory
median_unbounded	512	4	1000000	0	out of memory
median_unbounded	512	8	1000000	0	out of memory
median_unbounded	512	16	1000000	0	27.6321
median_unbounded	512	32	1000000	0	13.8605
median_unbounded	512	64	1000000	0	8.71113
median_unbounded	512	128	1000000	0	6.24379
median_unbounded	512	256	1000000	0	5.27353
median_unbounded	512	512	1000000	0	23.854
median_unbounded	512	1024	1000000	0	23.6386
median_unbounded	1024	1	1000000	0	42.1688
median_unbounded	1024	2	1000000	0	35.7722
median_unbounded	1024	4	1000000	0	32.7787
median_unbounded	1024	8	1000000	0	30.8684
median_unbounded	1024	16	1000000	0	30.3709
median_unbounded	1024	32	1000000	0	29.8855
median_unbounded	1024	64	1000000	0	29.7372
median_unbounded	1024	128	1000000	0	29.1743
median_unbounded	1024	256	1000000	0	29.5744
median_unbounded	1024	512	1000000	0	29.1538
median_unbounded	1024	1024	1000000	0	29.0556
